,Company,Sector,Climate_Transition_Score,Benchmark_Weight,BL_Weight,MV_Weight,BL_minus_MV,Abs_BL_minus_MV,BL_Dollar_Allocation,MV_Dollar_Allocation
A,Agilent Technologies Inc,Health Care,53.49169708037925,0.0021141649048625794,1.0129613563786977e-18,2.253468295885947e-16,-2.2433386823221604e-16,2.2433386823221604e-16,1.0129613563786976e-09,2.2534682958859473e-07
AAPL,Apple Inc,Information Technology,65.85127631502762,0.0021141649048625794,0.0026549834252692986,5.07359012390864e-16,0.002654983425268791,0.002654983425268791,2654983.4252692987,5.07359012390864e-07
ABBV,AbbVie Inc,Health Care,62.90569787849569,0.0021141649048625794,0.005738828992937305,8.879823899577774e-16,0.005738828992936417,0.005738828992936417,5738828.992937305,8.879823899577774e-07
ABT,Abbott Laboratories,Health Care,48.74516444218951,0.0021141649048625794,0.002485433331625789,3.9443103204330697e-16,0.0024854333316253947,0.0024854333316253947,2485433.331625789,3.9443103204330695e-07
ACGL,Arch Capital Group Ltd,Financials,53.004436231495056,0.0021141649048625794,0.0012462713026114608,4.738725650138489e-16,0.001246271302610987,0.001246271302610987,1246271.302611461,4.738725650138489e-07
ACN,Accenture PLC,Information Technology,68.24988015112697,0.0021141649048625794,0.0067944377038291716,3.9840510811917953e-16,0.0067944377038287734,0.0067944377038287734,6794437.703829171,3.984051081191795e-07
ADBE,Adobe Inc,Information Technology,63.2502486268895,0.0021141649048625794,0.005077146810697031,1.4780438565544451e-16,0.005077146810696883,0.005077146810696883,5077146.81069703,1.478043856554445e-07
ADI,Analog Devices Inc,Information Technology,68.25153462211593,0.0021141649048625794,0.0010308537989068677,0.0,0.0010308537989068677,0.0010308537989068677,1030853.7989068677,0.0
ADM,Archer-Daniels-Midland Co,Consumer Staples,30.395571704328216,0.0021141649048625794,0.0,3.8477923024251424e-16,-3.8477923024251424e-16,3.8477923024251424e-16,0.0,3.847792302425142e-07
ADP,Automatic Data Processing Inc,Industrials,52.42327807000719,0.0021141649048625794,0.0035031094903389057,5.372543494216688e-16,0.0035031094903383683,0.0035031094903383683,3503109.4903389057,5.372543494216688e-07
ADSK,Autodesk Inc,Information Technology,86.04743117572286,0.0021141649048625794,0.0064201201066254815,0.0,0.0064201201066254815,0.0064201201066254815,6420120.1066254815,0.0
AEE,Ameren Corp,Utilities,56.50146144371143,0.0021141649048625794,1.092782680311756e-19,0.0,1.092782680311756e-19,1.092782680311756e-19,1.0927826803117561e-10,0.0
AEP,American Electric Power Co Inc,Utilities,47.16710814300697,0.0021141649048625794,8.260666352653379e-19,1.1157705468911962e-16,-1.1075098805385428e-16,1.1075098805385428e-16,8.260666352653379e-10,1.1157705468911962e-07
AES,AES Corp/The,Utilities,64.02604929069041,0.0021141649048625794,0.00618078830349331,3.905729996335363e-16,0.00618078830349292,0.00618078830349292,6180788.30349331,3.905729996335363e-07
AFL,Aflac Inc,Financials,52.71975278468845,0.0021141649048625794,0.004633226362640846,3.9773588783491083e-16,0.004633226362640448,0.004633226362640448,4633226.362640846,3.977358878349108e-07
AIG,American International Group I,Financials,63.30798135221022,0.0021141649048625794,0.006428832546263075,1.7787644584953527e-16,0.0064288325462628975,0.0064288325462628975,6428832.546263075,1.7787644584953526e-07
AIZ,Assurant Inc,Financials,56.215096742937966,0.0021141649048625794,0.0,0.0,0.0,0.0,0.0,0.0
AJG,Arthur J Gallagher & Co,Financials,32.331347467722566,0.0021141649048625794,5.379760998601879e-20,1.836490026744823e-15,-1.836436229134837e-15,1.836436229134837e-15,5.3797609986018794e-11,1.8364900267448231e-06
AKAM,Akamai Technologies Inc,Information Technology,22.437537432858907,0.0021141649048625794,2.69831799839752e-19,0.0,2.69831799839752e-19,2.69831799839752e-19,2.69831799839752e-10,0.0
ALB,Albemarle Corp,Materials,45.55520470064981,0.0021141649048625794,0.0,0.0,0.0,0.0,0.0,0.0
ALGN,Align Technology Inc,Health Care,50.0,0.0021141649048625794,0.00015878394533927164,2.3318993258159505e-16,0.00015878394533903845,0.00015878394533903845,158783.94533927165,2.3318993258159506e-07
ALL,Allstate Corp/The,Financials,62.41981474275991,0.0021141649048625794,0.007407685072387385,2.3278011483893e-16,0.0074076850723871525,0.0074076850723871525,7407685.072387385,2.3278011483893003e-07
ALLE,Allegion plc,Industrials,58.96715108187631,0.0021141649048625794,0.0,0.0,0.0,0.0,0.0,0.0
AMAT,Applied Materials Inc,Information Technology,62.28204746230232,0.0021141649048625794,0.0031280888992222776,0.0,0.0031280888992222776,0.0031280888992222776,3128088.8992222776,0.0
AMCR,Amcor PLC,Materials,70.15242288320059,0.0021141649048625794,0.00621123135593203,0.0,0.00621123135593203,0.00621123135593203,6211231.35593203,0.0
AMD,Advanced Micro Devices Inc,Information Technology,62.400523880868505,0.0021141649048625794,0.005875677905939522,0.049999999999997914,-0.044124322094058394,0.044124322094058394,5875677.905939522,49999999.999997914
AME,AMETEK Inc,Industrials,55.00599033872797,0.0021141649048625794,0.0033775570373157614,3.3192514247680314e-16,0.0033775570373154296,0.0033775570373154296,3377557.037315761,3.3192514247680315e-07
AMGN,Amgen Inc,Health Care,74.49479394487332,0.0021141649048625794,0.004705560492423685,2.8662920896532237e-16,0.004705560492423399,0.004705560492423399,4705560.492423685,2.866292089653224e-07
AMP,Ameriprise Financial Inc,Financials,68.54924908568529,0.0021141649048625794,0.0032102743676444534,0.0,0.0032102743676444534,0.0032102743676444534,3210274.3676444534,0.0
AMT,American Tower Corp,Real Estate,73.34017701995081,0.0021141649048625794,0.005082644211653983,0.0,0.005082644211653983,0.005082644211653983,5082644.211653983,0.0
AMZN,Amazon.com Inc,Consumer Discretionary,24.27147274724079,0.0021141649048625794,1.87170407254759e-19,0.0,1.87170407254759e-19,1.87170407254759e-19,1.87170407254759e-10,0.0
ANET,Arista Networks Inc,Information Technology,46.16216370599873,0.0021141649048625794,0.00242893971882437,0.0,0.00242893971882437,0.00242893971882437,2428939.71882437,0.0
AON,Aon PLC,Financials,32.63594450934951,0.0021141649048625794,1.3648077931750952e-19,1.057501861512048e-15,-1.0573653807327304e-15,1.0573653807327304e-15,1.3648077931750952e-10,1.0575018615120478e-06
AOS,A O Smith Corp,Industrials,47.47736669311158,0.0021141649048625794,0.0008411716690288023,0.0,0.0008411716690288023,0.0008411716690288023,841171.6690288023,0.0
APA,APA Corp,Energy,51.44679149158486,0.0021141649048625794,7.408669605071946e-20,0.0,7.408669605071946e-20,7.408669605071946e-20,7.408669605071945e-11,0.0
APD,Air Products and Chemicals Inc,Materials,37.12516763136649,0.0021141649048625794,2.7538094777741393e-19,0.0,2.7538094777741393e-19,2.7538094777741393e-19,2.753809477774139e-10,0.0
APH,Amphenol Corp,Information Technology,31.62987275096592,0.0021141649048625794,4.925043988921041e-19,0.0,4.925043988921041e-19,4.925043988921041e-19,4.925043988921041e-10,0.0
APO,Apollo Global Management Inc,Financials,55.29045321722357,0.0021141649048625794,8.346164035666743e-19,0.0,8.346164035666743e-19,8.346164035666743e-19,8.346164035666743e-10,0.0
APTV,Aptiv PLC,Consumer Discretionary,20.464279293547584,0.0021141649048625794,0.0,0.0,0.0,0.0,0.0,0.0
ARE,Alexandria Real Estate Equitie,Real Estate,31.74522623246717,0.0021141649048625794,4.920842206309158e-19,3.4238438407237437e-16,-3.4189229985174345e-16,3.4189229985174345e-16,4.920842206309158e-10,3.4238438407237435e-07
ARES,Ares Management Corp,Financials,27.897681127738608,0.0021141649048625794,9.397819215587002e-19,4.738455529297079e-16,-4.729057710081492e-16,4.729057710081492e-16,9.397819215587002e-10,4.7384555292970795e-07
ATO,Atmos Energy Corp,Utilities,53.01017199017199,0.0021141649048625794,6.544906370116111e-19,4.197369273888323e-16,-4.190824367518207e-16,4.190824367518207e-16,6.544906370116111e-10,4.1973692738883227e-07
AVGO,Broadcom Inc,Information Technology,61.11165541746038,0.0021141649048625794,0.004840549033471845,0.049999999999997914,-0.04515945096652607,0.04515945096652607,4840549.033471845,49999999.999997914
AVY,Avery Dennison Corp,Materials,62.82832369454353,0.0021141649048625794,0.0027503653970518344,3.9766363751104427e-16,0.0027503653970514367,0.0027503653970514367,2750365.3970518345,3.976636375110443e-07
AWK,American Water Works Co Inc,Utilities,48.62451185855737,0.0021141649048625794,0.0,2.0626243452049125e-16,-2.0626243452049125e-16,2.0626243452049125e-16,0.0,2.0626243452049125e-07
AXON,Axon Enterprise Inc,Industrials,59.48345620392353,0.0021141649048625794,0.0017357647412405905,0.0019216369767861628,-0.00018587223554557232,0.00018587223554557232,1735764.7412405906,1921636.9767861627
AXP,American Express Co,Financials,68.61201777030865,0.0021141649048625794,0.00823973392369409,3.056544768335591e-16,0.008239733923693785,0.008239733923693785,8239733.923694091,3.056544768335591e-07
AZO,AutoZone Inc,Consumer Discretionary,40.92152312233074,0.0021141649048625794,1.284655596354725e-18,5.981540801057057e-16,-5.96869424509351e-16,5.96869424509351e-16,1.2846555963547249e-09,5.981540801057057e-07
BA,Boeing Co/The,Industrials,39.12629124532959,0.0021141649048625794,1.9947512565844168e-19,0.0,1.9947512565844168e-19,1.9947512565844168e-19,1.9947512565844168e-10,0.0
BAC,Bank of America Corp,Financials,63.77397512378614,0.0021141649048625794,0.0023513378604775818,0.0,0.0023513378604775818,0.0023513378604775818,2351337.8604775816,0.0
BALL,Ball Corp,Materials,61.006848720867566,0.0021141649048625794,0.003702336673704225,0.0,0.003702336673704225,0.003702336673704225,3702336.6737042246,0.0
BAX,Baxter International Inc,Health Care,56.414732320967005,0.0021141649048625794,0.001689425476115313,0.0,0.001689425476115313,0.001689425476115313,1689425.4761153131,0.0
BBY,Best Buy Co Inc,Consumer Discretionary,66.90246436612452,0.0021141649048625794,0.006229841744649873,0.0,0.006229841744649873,0.006229841744649873,6229841.744649873,0.0
BDX,Becton Dickinson & Co,Health Care,38.94195998383458,0.0021141649048625794,0.0,2.954457854700262e-17,-2.954457854700262e-17,2.954457854700262e-17,0.0,2.9544578547002616e-08
BEN,Franklin Templeton Inc,Financials,44.460332406140175,0.0021141649048625794,5.540113536435697e-19,0.0,5.540113536435697e-19,5.540113536435697e-19,5.540113536435698e-10,0.0
BF-B,Brown-Forman Corp,Consumer Staples,23.4147699255795,0.0021141649048625794,0.0,0.0,0.0,0.0,0.0,0.0
BG,Bunge Global SA,Consumer Staples,58.72844695329388,0.0021141649048625794,1.0579857564803641e-19,3.873588618758763e-16,-3.8725306330022826e-16,3.8725306330022826e-16,1.0579857564803641e-10,3.8735886187587627e-07
BIIB,Biogen Inc,Health Care,43.75426567290591,0.0021141649048625794,0.0,0.0,0.0,0.0,0.0,0.0
BKNG,Booking Holdings Inc,Consumer Discretionary,90.79315953919216,0.0021141649048625794,0.0061974738970200375,6.552984994871352e-17,0.0061974738970199715,0.0061974738970199715,6197473.897020037,6.552984994871352e-08
BKR,Baker Hughes Co,Energy,51.260547763032136,0.0021141649048625794,0.0015412736362903146,2.278196087207776e-16,0.0015412736362900867,0.0015412736362900867,1541273.6362903146,2.2781960872077757e-07
BLDR,Builders FirstSource Inc,Industrials,33.35219486705788,0.0021141649048625794,2.28868732271642e-19,0.0,2.28868732271642e-19,2.28868732271642e-19,2.28868732271642e-10,0.0
BLK,Blackrock Inc,Financials,32.38549772624273,0.0021141649048625794,0.0,8.23490859599888e-17,-8.23490859599888e-17,8.23490859599888e-17,0.0,8.23490859599888e-08
BMY,Bristol-Myers Squibb Co,Health Care,69.74345759003188,0.0021141649048625794,0.007861854147000536,3.096395136887358e-17,0.007861854147000505,0.007861854147000505,7861854.147000536,3.096395136887358e-08
BNY,Bank of New York Mellon Corp/T,Financials,70.63926434363577,0.0021141649048625794,0.00853700202046125,7.80749351457038e-17,0.008537002020461171,0.008537002020461171,8537002.020461248,7.80749351457038e-08
BR,Broadridge Financial Solutions,Industrials,52.40842109258682,0.0021141649048625794,3.6950375492994163e-19,1.3298787643777382e-16,-1.3261837268284388e-16,1.3261837268284388e-16,3.695037549299416e-10,1.329878764377738e-07
BRK-B,Berkshire Hathaway Inc,Financials,50.0,0.0021141649048625794,5.527926601474076e-19,3.9389814890715124e-16,-3.9334535624700383e-16,3.9334535624700383e-16,5.527926601474076e-10,3.938981489071512e-07
BRO,Brown & Brown Inc,Financials,50.0,0.0021141649048625794,4.792644251594842e-19,0.0,4.792644251594842e-19,4.792644251594842e-19,4.792644251594843e-10,0.0
BSX,Boston Scientific Corp,Health Care,49.207039156120985,0.0021141649048625794,0.0,0.0,0.0,0.0,0.0,0.0
BX,Blackstone Inc,Financials,41.78554127768452,0.0021141649048625794,0.0,0.0,0.0,0.0,0.0,0.0
BXP,BXP Inc,Real Estate,70.98859263883219,0.0021141649048625794,0.004057216089286074,0.0,0.004057216089286074,0.004057216089286074,4057216.089286074,0.0
C,Citigroup Inc,Financials,81.62811986090455,0.0021141649048625794,0.00668583107408607,0.0,0.00668583107408607,0.00668583107408607,6685831.07408607,0.0
CAH,Cardinal Health Inc,Health Care,65.30886102200444,0.0021141649048625794,0.0037601860495878906,1.1084921211672047e-15,0.003760186049586782,0.003760186049586782,3760186.0495878905,1.1084921211672047e-06
CASY,Casey's General Stores Inc,Consumer Staples,44.740397350993376,0.0021141649048625794,0.0,4.84833025160645e-16,-4.84833025160645e-16,4.84833025160645e-16,0.0,4.84833025160645e-07
CAT,Caterpillar Inc,Industrials,50.22326927997993,0.0021141649048625794,0.0,0.0,0.0,0.0,0.0,0.0
CB,Chubb Ltd,Financials,40.72357632467661,0.0021141649048625794,2.0902963246017013e-19,3.4005739612181787e-16,-3.398483664893577e-16,3.398483664893577e-16,2.0902963246017013e-10,3.4005739612181786e-07
CBOE,Cboe Global Markets Inc,Financials,57.56920893108993,0.0021141649048625794,0.0005194069949784256,4.3897622136723205e-16,0.0005194069949779866,0.0005194069949779866,519406.9949784256,4.3897622136723207e-07
CBRE,CBRE Group Inc,Real Estate,63.906066814569485,0.0021141649048625794,0.004164038672656227,0.0,0.004164038672656227,0.004164038672656227,4164038.672656227,0.0
CCI,Crown Castle Inc,Real Estate,39.85835299007688,0.0021141649048625794,4.20284943461313e-19,0.0,4.20284943461313e-19,4.20284943461313e-19,4.2028494346131303e-10,0.0
CCL,Carnival Corp Ltd,Consumer Discretionary,40.47224536461477,0.0021141649048625794,0.0,0.0,0.0,0.0,0.0,0.0
CDNS,Cadence Design Systems Inc,Information Technology,56.142741936847656,0.0021141649048625794,8.173364502323568e-19,7.313044563028792e-17,-7.231310918005556e-17,7.231310918005556e-17,8.173364502323568e-10,7.313044563028792e-08
CDW,CDW Corp/DE,Information Technology,68.58060787291521,0.0021141649048625794,0.0067298061668396554,0.0,0.0067298061668396554,0.0067298061668396554,6729806.1668396555,0.0
CF,CF Industries Holdings Inc,Materials,26.96570149496796,0.0021141649048625794,8.218722883229414e-19,1.1985234444854246e-16,-1.190304721602195e-16,1.190304721602195e-16,8.218722883229414e-10,1.1985234444854247e-07
CFG,Citizens Financial Group Inc,Financials,45.958050159665405,0.0021141649048625794,1.5589566765453415e-20,2.5352642050348545e-16,-2.5351083093672e-16,2.5351083093672e-16,1.5589566765453416e-11,2.5352642050348544e-07
CHD,Church & Dwight Co Inc,Consumer Staples,62.13488326557298,0.0021141649048625794,0.006005520234397583,0.0,0.006005520234397583,0.006005520234397583,6005520.234397584,0.0
CHRW,CH Robinson Worldwide Inc,Industrials,42.53515704331728,0.0021141649048625794,2.720684962160954e-19,0.0,2.720684962160954e-19,2.720684962160954e-19,2.720684962160954e-10,0.0
CHTR,Charter Communications Inc,Communication Services,51.02009072009072,0.0021141649048625794,0.002043689864703111,0.0,0.002043689864703111,0.002043689864703111,2043689.8647031111,0.0
CI,Cigna Group/The,Health Care,65.5973498230019,0.0021141649048625794,0.007002613296151887,3.020005599723918e-16,0.0070026132961515854,0.0070026132961515854,7002613.296151888,3.020005599723918e-07
CIEN,Ciena Corp,Information Technology,85.15467802270413,0.0021141649048625794,0.005497462826900022,0.049999999999997914,-0.04450253717309789,0.04450253717309789,5497462.826900022,49999999.999997914
CINF,Cincinnati Financial Corp,Financials,47.99830205754765,0.0021141649048625794,0.0009900579937578292,0.0,0.0009900579937578292,0.0009900579937578292,990057.9937578292,0.0
CL,Colgate-Palmolive Co,Consumer Staples,50.94998037502318,0.0021141649048625794,6.73062916513308e-19,5.235735610514457e-17,-5.168429318863126e-17,5.168429318863126e-17,6.73062916513308e-10,5.235735610514457e-08
CLX,Clorox Co/The,Consumer Staples,45.17322720062181,0.0021141649048625794,3.883672020072571e-19,0.0,3.883672020072571e-19,3.883672020072571e-19,3.8836720200725706e-10,0.0
CMCSA,Comcast Corp,Communication Services,65.77341208796224,0.0021141649048625794,0.005172808656159389,9.918721955367039e-17,0.00517280865615929,0.00517280865615929,5172808.656159389,9.918721955367039e-08
CME,CME Group Inc,Financials,74.22933519082122,0.0021141649048625794,0.008697006113837124,4.5762257295455315e-16,0.008697006113836666,0.008697006113836666,8697006.113837125,4.5762257295455314e-07
CMG,Chipotle Mexican Grill Inc,Consumer Discretionary,47.81644141701331,0.0021141649048625794,0.0008341420842549641,2.366627421231018e-16,0.0008341420842547274,0.0008341420842547274,834142.084254964,2.366627421231018e-07
CMI,Cummins Inc,Industrials,54.82294920278505,0.0021141649048625794,0.0005790792871955471,1.6655673772682562e-16,0.0005790792871953806,0.0005790792871953806,579079.2871955471,1.6655673772682563e-07
CMS,CMS Energy Corp,Utilities,25.4448209649826,0.0021141649048625794,0.0,5.0708037786988464e-17,-5.0708037786988464e-17,5.0708037786988464e-17,0.0,5.0708037786988464e-08
CNC,Centene Corp,Health Care,86.28154299153873,0.0021141649048625794,0.007090362995151534,0.0,0.007090362995151534,0.007090362995151534,7090362.995151535,0.0
CNP,CenterPoint Energy Inc,Utilities,63.5622200472009,0.0021141649048625794,0.0006276331539816705,4.499686122077038e-16,0.0006276331539812205,0.0006276331539812205,627633.1539816705,4.499686122077038e-07
COF,Capital One Financial Corp,Financials,73.63596634279924,0.0021141649048625794,0.005858883119562323,3.583756162645141e-17,0.005858883119562288,0.005858883119562288,5858883.119562323,3.583756162645141e-08
COHR,Coherent Corp,Information Technology,48.23023067582941,0.0021141649048625794,0.00037360810223366467,1.5811072517227054e-16,0.00037360810223350654,0.00037360810223350654,373608.10223366466,1.5811072517227055e-07
COO,Cooper Cos Inc/The,Health Care,59.100346931214304,0.0021141649048625794,1.6675847807074433e-19,1.3905162871540168e-16,-1.3888487023733093e-16,1.3888487023733093e-16,1.6675847807074433e-10,1.390516287154017e-07
COP,ConocoPhillips,Energy,58.8919395614661,0.0021141649048625794,1.1691479944626502e-19,2.2347522301989603e-16,-2.2335830822044976e-16,2.2335830822044976e-16,1.1691479944626502e-10,2.2347522301989603e-07
COR,Cencora Inc,Health Care,59.36570627819378,0.0021141649048625794,0.0025923540525160174,1.9893960150505986e-16,0.0025923540525158184,0.0025923540525158184,2592354.0525160176,1.9893960150505987e-07
COST,Costco Wholesale Corp,Consumer Staples,53.04933960616079,0.0021141649048625794,0.0,5.457930075050016e-17,-5.457930075050016e-17,5.457930075050016e-17,0.0,5.457930075050016e-08
CPAY,Corpay Inc,Financials,50.0,0.0021141649048625794,9.711648793867983e-20,0.0,9.711648793867983e-20,9.711648793867983e-20,9.711648793867983e-11,0.0
CPRT,Copart Inc,Industrials,35.415693602149744,0.0021141649048625794,5.511526174465865e-19,0.0,5.511526174465865e-19,5.511526174465865e-19,5.511526174465865e-10,0.0
CPT,Camden Property Trust,Real Estate,54.111288462071855,0.0021141649048625794,0.0037707713735008375,0.0,0.0037707713735008375,0.0037707713735008375,3770771.3735008375,0.0
CRH,CRH PLC,Materials,60.38488729275766,0.0021141649048625794,0.005563855187019336,2.4311653267367555e-16,0.005563855187019093,0.005563855187019093,5563855.187019336,2.431165326736755e-07
CRL,Charles River Laboratories Int,Health Care,49.048776796982935,0.0021141649048625794,0.0007083327681168927,0.0,0.0007083327681168927,0.0007083327681168927,708332.7681168927,0.0
CRM,Salesforce Inc,Information Technology,67.73759527568953,0.0021141649048625794,0.007446133302351466,0.0,0.007446133302351466,0.007446133302351466,7446133.302351465,0.0
CSCO,Cisco Systems Inc,Information Technology,63.32935592575659,0.0021141649048625794,0.008662317241722617,0.0,0.008662317241722617,0.008662317241722617,8662317.241722617,0.0
CSGP,CoStar Group Inc,Real Estate,36.40025142986862,0.0021141649048625794,0.0,4.163236050626031e-16,-4.163236050626031e-16,4.163236050626031e-16,0.0,4.163236050626031e-07
CSX,CSX Corp,Industrials,44.97748535852557,0.0021141649048625794,0.0,0.0,0.0,0.0,0.0,0.0
CTAS,Cintas Corp,Industrials,39.87465651715692,0.0021141649048625794,0.0,4.742148217673788e-17,-4.742148217673788e-17,4.742148217673788e-17,0.0,4.742148217673788e-08
CTSH,Cognizant Technology Solutions,Information Technology,63.21392299513306,0.0021141649048625794,0.007602969188657057,0.0,0.007602969188657057,0.007602969188657057,7602969.1886570575,0.0
CVNA,Carvana Co,Consumer Discretionary,50.0,0.0021141649048625794,0.0020295885662793725,0.049999999999997914,-0.047970411433718545,0.047970411433718545,2029588.5662793724,49999999.999997914
CVS,CVS Health Corp,Health Care,73.06940285187021,0.0021141649048625794,0.006012226346247361,2.766118298327476e-16,0.006012226346247085,0.006012226346247085,6012226.346247361,2.7661182983274763e-07
CVX,Chevron Corp,Energy,51.85720957462864,0.0021141649048625794,0.0,4.2059648359843715e-16,-4.2059648359843715e-16,4.2059648359843715e-16,0.0,4.2059648359843714e-07
D,Dominion Energy Inc,Utilities,34.498424279720595,0.0021141649048625794,0.0,0.0,0.0,0.0,0.0,0.0
DAL,Delta Air Lines Inc,Industrials,47.10887633166424,0.0021141649048625794,1.543298329132636e-19,0.0,1.543298329132636e-19,1.543298329132636e-19,1.543298329132636e-10,0.0
DD,DuPont de Nemours Inc,Industrials,72.44078403231397,0.0021141649048625794,0.0030039263735089695,4.226353486265307e-16,0.0030039263735085467,0.0030039263735085467,3003926.3735089693,4.226353486265307e-07
DE,Deere & Co,Industrials,60.74874394735252,0.0021141649048625794,0.00414286715909549,1.0304160475496586e-16,0.004142867159095387,0.004142867159095387,4142867.15909549,1.0304160475496586e-07
DECK,Deckers Outdoor Corp,Consumer Discretionary,62.912045155619694,0.0021141649048625794,0.006248258923454656,7.297693849442062e-17,0.006248258923454583,0.006248258923454583,6248258.923454656,7.297693849442061e-08
DELL,Dell Technologies Inc,Information Technology,71.38103550765678,0.0021141649048625794,0.006942668713718478,0.049999999999997914,-0.043057331286279435,0.043057331286279435,6942668.713718479,49999999.999997914
DG,Dollar General Corp,Consumer Staples,50.0,0.0021141649048625794,2.1701135464456587e-19,1.5234822098831573e-16,-1.5213120963367116e-16,1.5213120963367116e-16,2.1701135464456586e-10,1.5234822098831573e-07
DGX,Quest Diagnostics Inc,Health Care,46.23148243361666,0.0021141649048625794,0.0,0.0,0.0,0.0,0.0,0.0
DHI,DR Horton Inc,Consumer Discretionary,40.40369598096943,0.0021141649048625794,0.0,0.0,0.0,0.0,0.0,0.0
DHR,Danaher Corp,Health Care,48.77264723231233,0.0021141649048625794,0.00013864284819830274,4.190187142350469e-17,0.00013864284819826083,0.00013864284819826083,138642.84819830273,4.190187142350469e-08
DIS,Walt Disney Co/The,Communication Services,42.72890296325929,0.0021141649048625794,4.9612086202017455e-19,0.0,4.9612086202017455e-19,4.9612086202017455e-19,4.961208620201746e-10,0.0
DLR,Digital Realty Trust Inc,Real Estate,43.7703808724998,0.0021141649048625794,0.0,1.9878435642262135e-17,-1.9878435642262135e-17,1.9878435642262135e-17,0.0,1.9878435642262134e-08
DLTR,Dollar Tree Inc,Consumer Staples,46.47773996149702,0.0021141649048625794,0.001667321259747567,3.4460630052869016e-16,0.0016673212597472225,0.0016673212597472225,1667321.2597475671,3.4460630052869016e-07
DOC,Healthpeak Properties Inc,Real Estate,33.20152077687083,0.0021141649048625794,4.947852217847729e-19,1.3092619813287893e-16,-1.3043141291109415e-16,1.3043141291109415e-16,4.94785221784773e-10,1.3092619813287892e-07
DOV,Dover Corp,Industrials,39.39339709518514,0.0021141649048625794,2.2168327074426537e-19,4.695493974106611e-17,-4.6733256470321846e-17,4.6733256470321846e-17,2.2168327074426536e-10,4.695493974106611e-08
DPZ,Domino's Pizza Inc,Consumer Discretionary,49.98339101893088,0.0021141649048625794,0.0003813021862628975,0.0,0.0003813021862628975,0.0003813021862628975,381302.1862628975,0.0
DRI,Darden Restaurants Inc,Consumer Discretionary,41.32875770960063,0.0021141649048625794,2.784507472103907e-20,9.582347763496528e-17,-9.579563256024423e-17,9.579563256024423e-17,2.7845074721039074e-11,9.582347763496527e-08
DTE,DTE Energy Co,Utilities,45.09688181257935,0.0021141649048625794,0.0,1.3625706130426543e-16,-1.3625706130426543e-16,1.3625706130426543e-16,0.0,1.3625706130426541e-07
DUK,Duke Energy Corp,Utilities,37.469525068523495,0.0021141649048625794,0.0,0.0,0.0,0.0,0.0,0.0
DVA,DaVita Inc,Health Care,67.36947831574928,0.0021141649048625794,0.0053189874188192725,1.7922582111923597e-16,0.005318987418819093,0.005318987418819093,5318987.418819273,1.7922582111923596e-07
DVN,Devon Energy Corp,Energy,46.19223639532776,0.0021141649048625794,0.0,3.116738884999899e-16,-3.116738884999899e-16,3.116738884999899e-16,0.0,3.116738884999899e-07
DXCM,Dexcom Inc,Health Care,19.04217819016804,0.0021141649048625794,5.77913564623902e-19,0.0,5.77913564623902e-19,5.77913564623902e-19,5.77913564623902e-10,0.0
EBAY,eBay Inc,Consumer Discretionary,61.5612034325037,0.0021141649048625794,0.0063608401645847,1.4197765777398978e-16,0.006360840164584557,0.006360840164584557,6360840.1645847,1.4197765777398978e-07
ECHO,EchoStar Corp,Communication Services,50.0,0.0021141649048625794,0.0015033756823240824,2.361047186878467e-16,0.0015033756823238462,0.0015033756823238462,1503375.6823240824,2.361047186878467e-07
ECL,Ecolab Inc,Materials,73.3972984404586,0.0021141649048625794,0.005105555964844349,0.0,0.005105555964844349,0.005105555964844349,5105555.964844349,0.0
ED,Consolidated Edison Inc,Utilities,31.82843528894292,0.0021141649048625794,5.083642187204434e-19,9.00076236504367e-17,-8.949925943171625e-17,8.949925943171625e-17,5.083642187204435e-10,9.00076236504367e-08
EFX,Equifax Inc,Industrials,62.793845617901496,0.0021141649048625794,0.006863425940084397,0.0,0.006863425940084397,0.006863425940084397,6863425.940084397,0.0
EG,Everest Group Ltd,Financials,61.30436486664795,0.0021141649048625794,0.009144800434704132,1.2024306516295884e-16,0.009144800434704012,0.009144800434704012,9144800.434704132,1.2024306516295884e-07
EIX,Edison International,Utilities,62.64731615572414,0.0021141649048625794,0.005276317250625198,1.0423686254258174e-16,0.005276317250625094,0.005276317250625094,5276317.250625198,1.0423686254258174e-07
EL,Estee Lauder Cos Inc/The,Consumer Staples,54.471512410633714,0.0021141649048625794,0.0008925950839197295,0.0,0.0008925950839197295,0.0008925950839197295,892595.0839197295,0.0
ELV,Elevance Health Inc,Health Care,66.77399054697565,0.0021141649048625794,0.007777082911794004,5.325587821660923e-17,0.007777082911793951,0.007777082911793951,7777082.911794004,5.325587821660923e-08
EME,EMCOR Group Inc,Industrials,49.2222038008964,0.0021141649048625794,0.0,2.4208600156004303e-16,-2.4208600156004303e-16,2.4208600156004303e-16,0.0,2.42086001560043e-07
EMR,Emerson Electric Co,Industrials,63.01486025378631,0.0021141649048625794,0.007573673236471407,6.231009606505135e-17,0.007573673236471345,0.007573673236471345,7573673.236471407,6.231009606505136e-08
EOG,EOG Resources Inc,Energy,40.76673764719479,0.0021141649048625794,0.0,0.0,0.0,0.0,0.0,0.0
EQIX,Equinix Inc,Real Estate,49.206830311137615,0.0021141649048625794,0.0,2.841105809587828e-16,-2.841105809587828e-16,2.841105809587828e-16,0.0,2.841105809587828e-07
EQT,EQT Corp,Energy,25.418008437833286,0.0021141649048625794,0.0,0.0,0.0,0.0,0.0,0.0
ERIE,Erie Indemnity Co,Financials,50.0,0.0021141649048625794,5.731754740751983e-19,3.32992079105095e-16,-3.3241890363101984e-16,3.3241890363101984e-16,5.731754740751983e-10,3.32992079105095e-07
ES,Eversource Energy,Utilities,46.57859409054636,0.0021141649048625794,4.8742965716578764e-20,0.0,4.8742965716578764e-20,4.8742965716578764e-20,4.874296571657876e-11,0.0
ESS,Essex Property Trust Inc,Real Estate,57.45988335951993,0.0021141649048625794,0.0007121239139394995,1.343873170525393e-16,0.0007121239139393651,0.0007121239139393651,712123.9139394995,1.343873170525393e-07
ETN,Eaton Corp PLC,Industrials,63.21936614634035,0.0021141649048625794,0.0014770022366535258,0.0,0.0014770022366535258,0.0014770022366535258,1477002.2366535258,0.0
ETR,Entergy Corp,Utilities,16.934179508698463,0.0021141649048625794,0.0,0.0,0.0,0.0,0.0,0.0
EVRG,Evergy Inc,Utilities,43.94899746232214,0.0021141649048625794,0.0,2.092383156022256e-16,-2.092383156022256e-16,2.092383156022256e-16,0.0,2.092383156022256e-07
EW,Edwards Lifesciences Corp,Health Care,64.71819983270129,0.0021141649048625794,0.0069359654107595545,9.651307778855202e-17,0.006935965410759458,0.006935965410759458,6935965.410759554,9.651307778855202e-08
EXC,Exelon Corp,Utilities,46.18797112899876,0.0021141649048625794,0.0006076159638641944,5.030907082382306e-17,0.0006076159638641441,0.0006076159638641441,607615.9638641945,5.030907082382306e-08
EXPD,Expeditors International of Wa,Industrials,45.451576411993145,0.0021141649048625794,0.0,9.739567363982138e-17,-9.739567363982138e-17,9.739567363982138e-17,0.0,9.739567363982138e-08
EXPE,Expedia Group Inc,Consumer Discretionary,73.75685599132807,0.0021141649048625794,0.005938621904423369,0.0,0.005938621904423369,0.005938621904423369,5938621.904423369,0.0
EXR,Extra Space Storage Inc,Real Estate,38.60443516084769,0.0021141649048625794,3.494287095673818e-19,0.0,3.494287095673818e-19,3.494287095673818e-19,3.494287095673818e-10,0.0
F,Ford Motor Co,Consumer Discretionary,65.93624378485305,0.0021141649048625794,0.005808980559760921,5.1740646495400093e-17,0.005808980559760869,0.005808980559760869,5808980.559760921,5.1740646495400096e-08
FANG,Diamondback Energy Inc,Energy,35.18028924923654,0.0021141649048625794,1.0027854296659852e-19,0.0,1.0027854296659852e-19,1.0027854296659852e-19,1.0027854296659852e-10,0.0
FAST,Fastenal Co,Industrials,53.79440223937153,0.0021141649048625794,0.0,0.0,0.0,0.0,0.0,0.0
FCX,Freeport-McMoRan Inc,Materials,26.98124757845611,0.0021141649048625794,1.817334524693757e-18,0.0,1.817334524693757e-18,1.817334524693757e-18,1.8173345246937568e-09,0.0
FDS,FactSet Research Systems Inc,Financials,41.64482860100949,0.0021141649048625794,0.0,0.0,0.0,0.0,0.0,0.0
FDX,FedEx Corp,Industrials,57.60976891635912,0.0021141649048625794,0.0013143180699477118,0.0,0.0013143180699477118,0.0013143180699477118,1314318.0699477117,0.0
FE,FirstEnergy Corp,Utilities,50.1174378077002,0.0021141649048625794,0.002684460890703034,8.762864004098039e-18,0.0026844608907030253,0.0026844608907030253,2684460.890703034,8.762864004098038e-09
FERG,Ferguson Enterprises Inc,Industrials,49.3734809047837,0.0021141649048625794,0.001424654460430659,0.0,0.001424654460430659,0.001424654460430659,1424654.460430659,0.0
FFIV,F5 Inc,Information Technology,65.55857097074488,0.0021141649048625794,0.0052735573850577625,1.329641518598345e-16,0.00527355738505763,0.00527355738505763,5273557.385057762,1.3296415185983452e-07
FICO,Fair Isaac Corp,Information Technology,50.0,0.0021141649048625794,0.0022501134513797255,1.0758033915660967e-17,0.0022501134513797146,0.0022501134513797146,2250113.4513797252,1.0758033915660966e-08
FIS,Fidelity National Information,Financials,49.14203755533113,0.0021141649048625794,0.0017182667216217068,0.0,0.0017182667216217068,0.0017182667216217068,1718266.7216217068,0.0
FISV,Fiserv Inc,Financials,48.14545237425956,0.0021141649048625794,0.0013836265878028253,1.4951346924214816e-16,0.0013836265878026757,0.0013836265878026757,1383626.5878028253,1.4951346924214817e-07
FITB,Fifth Third Bancorp,Financials,48.43119484735863,0.0021141649048625794,0.0012048447875387233,2.8181667636908583e-17,0.0012048447875386951,0.0012048447875386951,1204844.7875387233,2.8181667636908584e-08
FIX,Comfort Systems USA Inc,Industrials,61.73116253310578,0.0021141649048625794,0.004641661408072528,0.049999999999997914,-0.04535833859192539,0.04535833859192539,4641661.408072528,49999999.999997914
FLEX,Flex Ltd,Information Technology,53.52692157497843,0.0021141649048625794,0.0,1.7872688899019968e-16,-1.7872688899019968e-16,1.7872688899019968e-16,0.0,1.7872688899019967e-07
FRT,Federal Realty Investment Trus,Real Estate,56.35981058742409,0.0021141649048625794,0.0025201920073960444,0.0,0.0025201920073960444,0.0025201920073960444,2520192.007396044,0.0
FSLR,First Solar Inc,Information Technology,31.922727260817755,0.0021141649048625794,9.626385762447655e-19,0.0,9.626385762447655e-19,9.626385762447655e-19,9.626385762447654e-10,0.0
FTNT,Fortinet Inc,Information Technology,55.11816683315148,0.0021141649048625794,0.001155940288375945,0.049999999999997914,-0.04884405971162197,0.04884405971162197,1155940.2883759448,49999999.999997914
FTV,Fortive Corp,Industrials,68.06928598318069,0.0021141649048625794,0.006999817735336746,0.0,0.006999817735336746,0.006999817735336746,6999817.735336746,0.0
GD,General Dynamics Corp,Industrials,36.82478004268897,0.0021141649048625794,0.0,0.0,0.0,0.0,0.0,0.0
GDDY,GoDaddy Inc,Information Technology,71.6329935477615,0.0021141649048625794,0.007537133868199237,0.0,0.007537133868199237,0.007537133868199237,7537133.868199237,0.0
GE,General Electric Co,Industrials,37.529955480804496,0.0021141649048625794,0.0,0.0,0.0,0.0,0.0,0.0
GEN,Gen Digital Inc,Information Technology,77.90077959991767,0.0021141649048625794,0.007063081204641438,1.537033648621606e-16,0.0070630812046412845,0.0070630812046412845,7063081.204641438,1.5370336486216062e-07
GILD,Gilead Sciences Inc,Health Care,68.20613344091808,0.0021141649048625794,0.004681912279156155,0.0,0.004681912279156155,0.004681912279156155,4681912.279156155,0.0
GIS,General Mills Inc,Consumer Staples,53.13767708565096,0.0021141649048625794,0.0014319414270743572,0.0,0.0014319414270743572,0.0014319414270743572,1431941.4270743572,0.0
GL,Globe Life Inc,Financials,57.4971136579328,0.0021141649048625794,0.0008978393930911826,4.7629625573032416e-17,0.000897839393091135,0.000897839393091135,897839.3930911827,4.762962557303241e-08
GLW,Corning Inc,Information Technology,37.09613373486822,0.0021141649048625794,0.0,0.0,0.0,0.0,0.0,0.0
GM,General Motors Co,Consumer Discretionary,51.34569276532771,0.0021141649048625794,0.00044274032088355823,0.0,0.00044274032088355823,0.00044274032088355823,442740.32088355825,0.0
GNRC,Generac Holdings Inc,Industrials,51.49745979404064,0.0021141649048625794,0.0005322753317927169,0.0,0.0005322753317927169,0.0005322753317927169,532275.3317927169,0.0
GOOG,Alphabet Inc,Communication Services,41.95423036209338,0.0021141649048625794,0.0,0.0,0.0,0.0,0.0,0.0
GPC,Genuine Parts Co,Consumer Discretionary,43.519689194669,0.0021141649048625794,0.0,0.0,0.0,0.0,0.0,0.0
GPN,Global Payments Inc,Financials,38.77463049503335,0.0021141649048625794,1.9737077818010678e-19,0.0,1.9737077818010678e-19,1.9737077818010678e-19,1.9737077818010677e-10,0.0
GRMN,Garmin Ltd,Consumer Discretionary,51.92,0.0021141649048625794,0.000564883480141573,1.1299002697072064e-16,0.00056488348014146,0.00056488348014146,564883.480141573,1.1299002697072064e-07
GS,Goldman Sachs Group Inc/The,Financials,70.1467380313909,0.0021141649048625794,0.005126227171826391,0.0,0.005126227171826391,0.005126227171826391,5126227.1718263915,0.0
GWW,WW Grainger Inc,Industrials,59.976764871083226,0.0021141649048625794,0.0050907626813263916,2.080767988811668e-16,0.005090762681326183,0.005090762681326183,5090762.681326391,2.0807679888116679e-07
HAL,Halliburton Co,Energy,42.54373516257876,0.0021141649048625794,0.0,0.0,0.0,0.0,0.0,0.0
HAS,Hasbro Inc,Consumer Discretionary,66.57454523003223,0.0021141649048625794,0.006858017635778208,1.8366428580780402e-16,0.006858017635778024,0.006858017635778024,6858017.635778208,1.8366428580780402e-07
HBAN,Huntington Bancshares Inc/OH,Financials,34.60622200122603,0.0021141649048625794,0.0,0.0,0.0,0.0,0.0,0.0
HCA,HCA Healthcare Inc,Health Care,50.501758544231215,0.0021141649048625794,0.0022978562417438203,3.578227356867727e-17,0.0022978562417437843,0.0022978562417437843,2297856.2417438203,3.5782273568677274e-08
HD,Home Depot Inc/The,Consumer Discretionary,70.49085241832779,0.0021141649048625794,0.00553462623828293,3.7117404706172614e-17,0.0055346262382828925,0.0055346262382828925,5534626.23828293,3.7117404706172616e-08
HIG,Hartford Insurance Group Inc/T,Financials,74.89000088535703,0.0021141649048625794,0.012267719183290116,1.5964017773816271e-16,0.012267719183289956,0.012267719183289956,12267719.183290116,1.5964017773816272e-07
HII,Huntington Ingalls Industries,Industrials,56.23845367691042,0.0021141649048625794,0.0,7.597056349418177e-17,-7.597056349418177e-17,7.597056349418177e-17,0.0,7.597056349418176e-08
HLT,Hilton Worldwide Holdings Inc,Consumer Discretionary,51.78400868531585,0.0021141649048625794,7.449246390208085e-19,1.0593578249119625e-16,-1.0519085785217543e-16,1.0519085785217543e-16,7.449246390208085e-10,1.0593578249119625e-07
HON,Honeywell International Inc,Industrials,55.42523409740343,0.0021141649048625794,0.0,0.0,0.0,0.0,0.0,0.0
HPE,Hewlett Packard Enterprise Co,Information Technology,52.42178762011535,0.0021141649048625794,0.0032093376447373894,0.0,0.0032093376447373894,0.0032093376447373894,3209337.6447373894,0.0
HPQ,HP Inc,Information Technology,68.75126043049494,0.0021141649048625794,0.007221254018761101,0.0,0.007221254018761101,0.007221254018761101,7221254.018761101,0.0
HRL,Hormel Foods Corp,Consumer Staples,67.2505825986058,0.0021141649048625794,0.0031652869435519373,1.3362879893170847e-16,0.0031652869435518038,0.0031652869435518038,3165286.943551937,1.3362879893170847e-07
HSIC,Henry Schein Inc,Health Care,42.01402859172556,0.0021141649048625794,0.0,1.3007968442523955e-17,-1.3007968442523955e-17,1.3007968442523955e-17,0.0,1.3007968442523955e-08
HST,Host Hotels & Resorts Inc,Real Estate,71.49173438676982,0.0021141649048625794,0.006149402420624231,1.0732857607170657e-16,0.006149402420624123,0.006149402420624123,6149402.420624231,1.0732857607170657e-07
HSY,Hershey Co/The,Consumer Staples,47.06450531433163,0.0021141649048625794,0.0030952678026396527,0.0,0.0030952678026396527,0.0030952678026396527,3095267.8026396525,0.0
HUBB,Hubbell Inc,Industrials,45.55856816888092,0.0021141649048625794,0.0,0.0,0.0,0.0,0.0,0.0
HUM,Humana Inc,Health Care,68.79328742048011,0.0021141649048625794,0.00649443904685647,3.557817706622196e-17,0.006494439046856435,0.006494439046856435,6494439.04685647,3.557817706622196e-08
HWM,Howmet Aerospace Inc,Industrials,41.85740430729301,0.0021141649048625794,5.557903049415386e-19,0.049999999999997914,-0.049999999999997914,0.049999999999997914,5.557903049415386e-10,49999999.999997914
IBKR,Interactive Brokers Group Inc,Financials,76.22016438962774,0.0021141649048625794,0.004816847157176947,0.0,0.004816847157176947,0.004816847157176947,4816847.157176947,0.0
IBM,International Business Machine,Information Technology,42.93213788595708,0.0021141649048625794,0.0,1.6513193836787864e-16,-1.6513193836787864e-16,1.6513193836787864e-16,0.0,1.6513193836787865e-07
ICE,Intercontinental Exchange Inc,Financials,31.84271384202052,0.0021141649048625794,2.552734210588187e-19,1.6318915606610156e-16,-1.6293388264504273e-16,1.6293388264504273e-16,2.552734210588187e-10,1.6318915606610155e-07
IDXX,IDEXX Laboratories Inc,Health Care,41.62010952488467,0.0021141649048625794,1.2962029365507955e-19,1.3361465889602733e-17,-1.3231845595947654e-17,1.3231845595947654e-17,1.2962029365507956e-10,1.3361465889602733e-08
IEX,IDEX Corp,Industrials,32.76976487280162,0.0021141649048625794,5.894146838608393e-19,0.0,5.894146838608393e-19,5.894146838608393e-19,5.894146838608393e-10,0.0
IFF,International Flavors & Fragra,Materials,39.98603957911589,0.0021141649048625794,5.593884480138206e-19,0.0,5.593884480138206e-19,5.593884480138206e-19,5.593884480138206e-10,0.0
INCY,Incyte Corp,Health Care,40.14325505793384,0.0021141649048625794,3.0621015766607134e-19,0.0,3.0621015766607134e-19,3.0621015766607134e-19,3.0621015766607134e-10,0.0
INTC,Intel Corp,Information Technology,36.03363606265474,0.0021141649048625794,0.0,0.0,0.0,0.0,0.0,0.0
INTU,Intuit Inc,Information Technology,53.392897738363736,0.0021141649048625794,0.004468909071193685,1.128008900147409e-16,0.004468909071193572,0.004468909071193572,4468909.071193685,1.1280089001474089e-07
INVH,Invitation Homes Inc,Real Estate,37.74503164417556,0.0021141649048625794,0.0,0.0,0.0,0.0,0.0,0.0
IP,International Paper Co,Materials,40.34923632185639,0.0021141649048625794,0.0,0.0,0.0,0.0,0.0,0.0
IQV,IQVIA Holdings Inc,Health Care,72.37556140129749,0.0021141649048625794,0.006885913728778943,0.0,0.006885913728778943,0.006885913728778943,6885913.728778943,0.0
IR,Ingersoll Rand Inc,Industrials,74.16822157471478,0.0021141649048625794,0.00712241944261338,8.90379622953261e-17,0.00712241944261329,0.00712241944261329,7122419.44261338,8.90379622953261e-08
IRM,Iron Mountain Inc,Real Estate,51.07880046829616,0.0021141649048625794,0.0,2.4170747391691473e-16,-2.4170747391691473e-16,2.4170747391691473e-16,0.0,2.4170747391691476e-07
ISRG,Intuitive Surgical Inc,Health Care,54.105658579865846,0.0021141649048625794,3.730099170926824e-19,0.0,3.730099170926824e-19,3.730099170926824e-19,3.730099170926824e-10,0.0
IT,Gartner Inc,Information Technology,70.4238877685788,0.0021141649048625794,0.0059610899536970624,0.0,0.0059610899536970624,0.0059610899536970624,5961089.953697062,0.0
ITW,Illinois Tool Works Inc,Industrials,36.8882774530785,0.0021141649048625794,0.0,0.0,0.0,0.0,0.0,0.0
IVZ,Invesco Ltd,Financials,72.83353749412971,0.0021141649048625794,0.0034427566017627385,0.0,0.0034427566017627385,0.0034427566017627385,3442756.6017627385,0.0
J,Jacobs Solutions Inc,Industrials,81.8293015070337,0.0021141649048625794,0.003853847214647064,4.3023969226235354e-17,0.003853847214647021,0.003853847214647021,3853847.214647064,4.3023969226235355e-08
JBHT,JB Hunt Transport Services Inc,Industrials,50.3087981915538,0.0021141649048625794,0.0010088489002842592,1.6029782177824713e-16,0.001008848900284099,0.001008848900284099,1008848.9002842591,1.6029782177824713e-07
JBL,Jabil Inc,Information Technology,45.42101423248952,0.0021141649048625794,0.0,5.794488698343829e-16,-5.794488698343829e-16,5.794488698343829e-16,0.0,5.794488698343829e-07
JCI,Johnson Controls International,Industrials,76.82831562651694,0.0021141649048625794,0.004596051174340742,1.1960389183450741e-17,0.00459605117434073,0.00459605117434073,4596051.174340742,1.196038918345074e-08
JKHY,Jack Henry & Associates Inc,Financials,29.21254630901861,0.0021141649048625794,3.825258028594924e-19,0.0,3.825258028594924e-19,3.825258028594924e-19,3.825258028594924e-10,0.0
JNJ,Johnson & Johnson,Health Care,71.9789730616616,0.0021141649048625794,0.00433466941182239,8.902395539133388e-17,0.0043346694118223,0.0043346694118223,4334669.41182239,8.902395539133388e-08
JPM,JPMorgan Chase & Co,Financials,49.10430858663615,0.0021141649048625794,0.005786064325347142,0.0,0.005786064325347142,0.005786064325347142,5786064.325347142,0.0
KDP,Keurig Dr Pepper Inc,Consumer Staples,50.39159277743096,0.0021141649048625794,0.00035775327400743126,1.2432221714579284e-16,0.00035775327400730696,0.00035775327400730696,357753.2740074313,1.2432221714579283e-07
KEY,KeyCorp,Financials,61.691753832960416,0.0021141649048625794,0.007279941114491232,0.0,0.007279941114491232,0.007279941114491232,7279941.114491233,0.0
KEYS,Keysight Technologies Inc,Information Technology,48.8572959645643,0.0021141649048625794,0.0006708761347073278,1.0793829974335154e-16,0.0006708761347072198,0.0006708761347072198,670876.1347073278,1.0793829974335154e-07
KHC,Kraft Heinz Co/The,Consumer Staples,61.465855741102665,0.0021141649048625794,0.004366176132473919,0.0,0.004366176132473919,0.004366176132473919,4366176.13247392,0.0
KIM,Kimco Realty Corp,Real Estate,61.17431635952504,0.0021141649048625794,0.009411711934807441,0.0,0.009411711934807441,0.009411711934807441,9411711.934807442,0.0
KKR,KKR & Co Inc,Financials,41.38213821514067,0.0021141649048625794,1.5249085509095267e-18,0.0,1.5249085509095267e-18,1.5249085509095267e-18,1.5249085509095267e-09,0.0
KLAC,KLA Corp,Information Technology,60.956846827820286,0.0021141649048625794,0.004116886587242788,0.0,0.004116886587242788,0.004116886587242788,4116886.5872427886,0.0
KMB,Kimberly-Clark Corp,Consumer Staples,43.23966384525906,0.0021141649048625794,0.0,1.206401868830497e-16,-1.206401868830497e-16,1.206401868830497e-16,0.0,1.206401868830497e-07
KMI,Kinder Morgan Inc,Energy,37.18571734397593,0.0021141649048625794,0.0,0.0,0.0,0.0,0.0,0.0
KO,Coca-Cola Co/The,Consumer Staples,81.99348877080712,0.0021141649048625794,0.007029017870666111,7.795387566798321e-17,0.007029017870666033,0.007029017870666033,7029017.870666111,7.795387566798321e-08
KR,Kroger Co/The,Consumer Staples,45.06358058849739,0.0021141649048625794,0.0,1.2098932136262157e-16,-1.2098932136262157e-16,1.2098932136262157e-16,0.0,1.2098932136262158e-07
L,Loews Corp,Financials,50.0,0.0021141649048625794,0.0,6.5820366812571295e-18,-6.5820366812571295e-18,6.5820366812571295e-18,0.0,6.5820366812571295e-09
LDOS,Leidos Holdings Inc,Industrials,40.97795555647275,0.0021141649048625794,3.6231720976808093e-19,1.408067106871283e-17,-1.3718353858944748e-17,1.3718353858944748e-17,3.623172097680809e-10,1.408067106871283e-08
LEN,Lennar Corp,Consumer Discretionary,50.0,0.0021141649048625794,0.0,8.467764067461497e-18,-8.467764067461497e-18,8.467764067461497e-18,0.0,8.467764067461497e-09
LH,Labcorp Holdings Inc,Health Care,47.32954693780185,0.0021141649048625794,0.002630326916604897,0.0,0.002630326916604897,0.002630326916604897,2630326.916604897,0.0
LHX,L3Harris Technologies Inc,Industrials,57.26795088067436,0.0021141649048625794,0.0002700467461178554,1.006896276013202e-16,0.00027004674611775473,0.00027004674611775473,270046.7461178554,1.0068962760132021e-07
LII,Lennox International Inc,Industrials,40.65394132471079,0.0021141649048625794,3.559115231044703e-19,0.0,3.559115231044703e-19,3.559115231044703e-19,3.5591152310447027e-10,0.0
LIN,Linde PLC,Materials,38.08869401922719,0.0021141649048625794,0.0,2.25060448516164e-17,-2.25060448516164e-17,2.25060448516164e-17,0.0,2.25060448516164e-08
LITE,Lumentum Holdings Inc,Information Technology,30.58509273307107,0.0021141649048625794,1.3307273313859624e-18,0.049999999999997914,-0.049999999999997914,0.049999999999997914,1.3307273313859623e-09,49999999.999997914
LLY,Eli Lilly & Co,Health Care,53.83368816227657,0.0021141649048625794,0.0033929973144275574,0.049999999999997914,-0.04660700268557036,0.04660700268557036,3392997.3144275574,49999999.999997914
LMT,Lockheed Martin Corp,Industrials,54.30280993028422,0.0021141649048625794,0.0002562974381841776,5.667633004183064e-17,0.00025629743818412093,0.00025629743818412093,256297.4381841776,5.667633004183064e-08
LNT,Alliant Energy Corp,Utilities,33.9598860009651,0.0021141649048625794,0.0,1.615812640051314e-17,-1.615812640051314e-17,1.615812640051314e-17,0.0,1.615812640051314e-08
LOW,Lowe's Cos Inc,Consumer Discretionary,50.85376272685915,0.0021141649048625794,0.002396141539439074,2.074617859961515e-16,0.002396141539438867,0.002396141539438867,2396141.539439074,2.074617859961515e-07
LRCX,Lam Research Corp,Information Technology,40.82691742561212,0.0021141649048625794,0.0,9.851439438354193e-17,-9.851439438354193e-17,9.851439438354193e-17,0.0,9.851439438354192e-08
LULU,Lululemon Athletica Inc,Consumer Discretionary,58.74845190532639,0.0021141649048625794,0.0013639427238247353,0.0,0.0013639427238247353,0.0013639427238247353,1363942.7238247353,0.0
LUV,Southwest Airlines Co,Industrials,39.55550452943442,0.0021141649048625794,0.0,0.0,0.0,0.0,0.0,0.0
LVS,Las Vegas Sands Corp,Consumer Discretionary,62.00809367845719,0.0021141649048625794,0.004795916009472835,8.73361345519015e-17,0.004795916009472747,0.004795916009472747,4795916.009472835,8.73361345519015e-08
LYB,LyondellBasell Industries NV,Materials,27.04702983868051,0.0021141649048625794,0.0,1.3743926267522374e-16,-1.3743926267522374e-16,1.3743926267522374e-16,0.0,1.3743926267522374e-07
LYV,Live Nation Entertainment Inc,Communication Services,62.04084160065423,0.0021141649048625794,0.004403773972888343,0.0,0.004403773972888343,0.004403773972888343,4403773.972888343,0.0
MA,Mastercard Inc,Financials,73.15222250386056,0.0021141649048625794,0.0068817179725383865,1.2786087300691187e-16,0.006881717972538259,0.006881717972538259,6881717.9725383865,1.2786087300691187e-07
MAA,Mid-America Apartment Communit,Real Estate,65.7640899475626,0.0021141649048625794,0.0,0.0,0.0,0.0,0.0,0.0
MAR,Marriott International Inc/MD,Consumer Discretionary,48.32875367484273,0.0021141649048625794,0.0,0.0,0.0,0.0,0.0,0.0
MAS,Masco Corp,Industrials,53.16926922261984,0.0021141649048625794,0.0,0.0,0.0,0.0,0.0,0.0
MCD,McDonald's Corp,Consumer Discretionary,65.59596186850492,0.0021141649048625794,0.008177948861807104,8.740473085882256e-17,0.008177948861807017,0.008177948861807017,8177948.861807104,8.740473085882257e-08
MCHP,Microchip Technology Inc,Information Technology,42.88893106833914,0.0021141649048625794,0.0,0.0,0.0,0.0,0.0,0.0
MCK,McKesson Corp,Health Care,79.21931663398959,0.0021141649048625794,0.007116105934900492,0.049999999999997914,-0.04288389406509742,0.04288389406509742,7116105.934900492,49999999.999997914
MCO,Moody's Corp,Financials,73.49516141509984,0.0021141649048625794,0.0028965308467537435,1.1562032008072111e-16,0.0028965308467536277,0.0028965308467536277,2896530.8467537435,1.1562032008072111e-07
MDLZ,Mondelez International Inc,Consumer Staples,45.42409898925452,0.0021141649048625794,0.0,5.153966378280855e-17,-5.153966378280855e-17,5.153966378280855e-17,0.0,5.153966378280855e-08
MDT,Medtronic PLC,Health Care,48.65685579427116,0.0021141649048625794,0.0002877358320979677,0.0,0.0002877358320979677,0.0002877358320979677,287735.8320979677,0.0
MET,MetLife Inc,Financials,76.89655961048217,0.0021141649048625794,0.005400901592891922,0.0,0.005400901592891922,0.005400901592891922,5400901.592891922,0.0
META,Meta Platforms Inc,Communication Services,34.27332637327791,0.0021141649048625794,8.990347299721743e-20,0.0,8.990347299721743e-20,8.990347299721743e-20,8.990347299721743e-11,0.0
MGM,MGM Resorts International,Consumer Discretionary,73.08520577050692,0.0021141649048625794,0.006064738782944914,0.0,0.006064738782944914,0.006064738782944914,6064738.782944914,0.0
MKC,McCormick & Co Inc/MD,Consumer Staples,55.88663670994593,0.0021141649048625794,0.00044391007703401935,3.2824148944137413e-16,0.0004439100770336911,0.0004439100770336911,443910.07703401934,3.2824148944137413e-07
MLM,Martin Marietta Materials Inc,Materials,67.75375693582998,0.0021141649048625794,0.0034370734558976097,1.2094296604516944e-16,0.0034370734558974887,0.0034370734558974887,3437073.4558976097,1.2094296604516944e-07
MMM,3M Co,Industrials,51.48272606585867,0.0021141649048625794,0.0023657832774526184,0.0,0.0023657832774526184,0.0023657832774526184,2365783.2774526183,0.0
MNST,Monster Beverage Corp,Consumer Staples,39.482063487464885,0.0021141649048625794,0.0,0.0,0.0,0.0,0.0,0.0
MO,Altria Group Inc,Consumer Staples,75.33761935877655,0.0021141649048625794,0.005772849378525046,2.8132132138708136e-16,0.005772849378524765,0.005772849378524765,5772849.378525047,2.8132132138708136e-07
MOS,Mosaic Co/The,Materials,48.56468904164963,0.0021141649048625794,2.569013125043231e-19,0.0,2.569013125043231e-19,2.569013125043231e-19,2.5690131250432307e-10,0.0
MPC,Marathon Petroleum Corp,Energy,57.372687431967975,0.0021141649048625794,0.0,8.68050947123008e-16,-8.68050947123008e-16,8.68050947123008e-16,0.0,8.68050947123008e-07
MPWR,Monolithic Power Systems Inc,Information Technology,38.030029700468106,0.0021141649048625794,4.876902372170341e-19,0.0,4.876902372170341e-19,4.876902372170341e-19,4.876902372170341e-10,0.0
MRK,Merck & Co Inc,Health Care,65.69742807540668,0.0021141649048625794,0.00723576950900598,3.1363417675277785e-16,0.007235769509005666,0.007235769509005666,7235769.509005981,3.1363417675277786e-07
MRSH,Marsh & McLennan Cos Inc,Financials,55.1193160051156,0.0021141649048625794,0.0,0.0,0.0,0.0,0.0,0.0
MRVL,Marvell Technology Inc,Information Technology,59.14121100222791,0.0021141649048625794,0.0016898967756466213,6.360967358199792e-16,0.0016898967756459854,0.0016898967756459854,1689896.7756466214,6.360967358199792e-07
MS,Morgan Stanley,Financials,78.13674151494773,0.0021141649048625794,0.004027702545301692,1.7282779235381954e-17,0.004027702545301675,0.004027702545301675,4027702.545301692,1.7282779235381955e-08
MSCI,MSCI Inc,Financials,63.98657712130685,0.0021141649048625794,0.006527028415851447,4.073229595255636e-17,0.006527028415851406,0.006527028415851406,6527028.415851447,4.073229595255636e-08
MSFT,Microsoft Corp,Information Technology,36.00458419887788,0.0021141649048625794,0.0,9.057187287550209e-17,-9.057187287550209e-17,9.057187287550209e-17,0.0,9.057187287550209e-08
MSI,Motorola Solutions Inc,Information Technology,59.04232580351351,0.0021141649048625794,0.0021103631132660594,1.5424352053107248e-16,0.002110363113265905,0.002110363113265905,2110363.113266059,1.5424352053107247e-07
MTB,M&T Bank Corp,Financials,47.23925434900721,0.0021141649048625794,0.002036247531760955,0.0,0.002036247531760955,0.002036247531760955,2036247.5317609548,0.0
MTD,Mettler-Toledo International I,Health Care,53.062694560186245,0.0021141649048625794,0.004842981738224245,0.0,0.004842981738224245,0.004842981738224245,4842981.738224246,0.0
MU,Micron Technology Inc,Information Technology,34.359750177513945,0.0021141649048625794,6.786348051194652e-19,0.049999999999997914,-0.049999999999997914,0.049999999999997914,6.786348051194652e-10,49999999.999997914
NCLH,Norwegian Cruise Line Holdings,Consumer Discretionary,46.69898992635078,0.0021141649048625794,2.8417737487010904e-19,0.0,2.8417737487010904e-19,2.8417737487010904e-19,2.8417737487010905e-10,0.0
NDAQ,Nasdaq Inc,Financials,62.283258539079526,0.0021141649048625794,0.0025521606350775617,1.1707223023545835e-16,0.0025521606350774446,0.0025521606350774446,2552160.6350775617,1.1707223023545836e-07
NDSN,Nordson Corp,Industrials,41.97826074123991,0.0021141649048625794,3.654274088712803e-19,0.0,3.654274088712803e-19,3.654274088712803e-19,3.654274088712803e-10,0.0
NEE,NextEra Energy Inc,Utilities,58.0357520007107,0.0021141649048625794,0.0002498215694221999,1.0636647767889129e-16,0.0002498215694220935,0.0002498215694220935,249821.5694221999,1.0636647767889129e-07
NEM,Newmont Corp,Materials,53.050070399489606,0.0021141649048625794,0.0,0.0,0.0,0.0,0.0,0.0
NFLX,Netflix Inc,Communication Services,75.27935480698847,0.0021141649048625794,0.005453796110167314,0.0,0.005453796110167314,0.005453796110167314,5453796.110167314,0.0
NI,NiSource Inc,Utilities,54.547172417992456,0.0021141649048625794,0.0,0.0,0.0,0.0,0.0,0.0
NKE,NIKE Inc,Consumer Discretionary,75.91667823155467,0.0021141649048625794,0.006387548000050972,0.0,0.006387548000050972,0.006387548000050972,6387548.000050972,0.0
NOC,Northrop Grumman Corp,Industrials,46.64813421688869,0.0021141649048625794,0.0,2.2726583267608266e-17,-2.2726583267608266e-17,2.2726583267608266e-17,0.0,2.2726583267608266e-08
NOW,ServiceNow Inc,Information Technology,47.150799506170486,0.0021141649048625794,0.0015353205761868217,0.0,0.0015353205761868217,0.0015353205761868217,1535320.5761868218,0.0
NRG,NRG Energy Inc,Utilities,69.29168100609357,0.0021141649048625794,0.005948064360227652,0.0,0.005948064360227652,0.005948064360227652,5948064.360227652,0.0
NSC,Norfolk Southern Corp,Industrials,48.81662483613379,0.0021141649048625794,0.0033722390704056813,8.711158794033269e-17,0.003372239070405594,0.003372239070405594,3372239.070405681,8.711158794033269e-08
NTAP,NetApp Inc,Information Technology,67.94529453723402,0.0021141649048625794,0.005785341817998101,0.0,0.005785341817998101,0.005785341817998101,5785341.817998101,0.0
NTRS,Northern Trust Corp,Financials,68.17464047172038,0.0021141649048625794,0.007280034194303496,1.8732031625386105e-16,0.007280034194303309,0.007280034194303309,7280034.194303497,1.8732031625386106e-07
NUE,Nucor Corp,Materials,44.82807893338084,0.0021141649048625794,1.5167858200554917e-18,1.7220257904881974e-16,-1.7068579322876426e-16,1.7068579322876426e-16,1.5167858200554917e-09,1.7220257904881975e-07
NVDA,NVIDIA Corp,Information Technology,76.97701671185467,0.0021141649048625794,0.005013987323481273,0.049999999999997914,-0.04498601267651664,0.04498601267651664,5013987.323481273,49999999.999997914
NVR,NVR Inc,Consumer Discretionary,50.0,0.0021141649048625794,0.0,0.0,0.0,0.0,0.0,0.0
NWS,News Corp,Communication Services,80.06560414758445,0.0021141649048625794,0.006041858137306555,0.0,0.006041858137306555,0.006041858137306555,6041858.137306555,0.0
NXPI,NXP Semiconductors NV,Information Technology,52.64273594961376,0.0021141649048625794,0.0014501136438879213,0.0,0.0014501136438879213,0.0014501136438879213,1450113.6438879212,0.0
O,Realty Income Corp,Real Estate,44.8881667686361,0.0021141649048625794,0.0,0.0,0.0,0.0,0.0,0.0
ODFL,Old Dominion Freight Line Inc,Industrials,51.63167766458026,0.0021141649048625794,9.902208118984105e-05,7.047354283755647e-18,9.9022081189834e-05,9.9022081189834e-05,99022.08118984105,7.0473542837556474e-09
OKE,ONEOK Inc,,48.54756302271407,0.0021141649048625794,3.067734113842064e-20,0.0,3.067734113842064e-20,3.067734113842064e-20,3.067734113842064e-11,0.0
OMC,Omnicom Group Inc,Communication Services,54.947452983918815,0.0021141649048625794,0.0020120430774553948,0.0,0.0020120430774553948,0.0020120430774553948,2012043.0774553947,0.0
ON,ON Semiconductor Corp,Information Technology,47.87633079264891,0.0021141649048625794,0.000631541575104441,0.0,0.000631541575104441,0.000631541575104441,631541.5751044409,0.0
ORCL,Oracle Corp,Information Technology,27.466924752979427,0.0021141649048625794,3.398046622168377e-19,0.0,3.398046622168377e-19,3.398046622168377e-19,3.398046622168377e-10,0.0
ORLY,O'Reilly Automotive Inc,Consumer Discretionary,44.46664228191929,0.0021141649048625794,0.0,4.046869364085683e-16,-4.046869364085683e-16,4.046869364085683e-16,0.0,4.046869364085683e-07
OXY,Occidental Petroleum Corp,Energy,38.25417457819509,0.0021141649048625794,0.0,0.0,0.0,0.0,0.0,0.0
PANW,Palo Alto Networks Inc,Information Technology,51.60785319713085,0.0021141649048625794,0.0009037272470687578,0.02727157907270898,-0.02636785182564022,0.02636785182564022,903727.2470687578,27271579.07270898
PAYX,Paychex Inc,Industrials,76.05572447952193,0.0021141649048625794,0.004411612288364172,1.384649719231132e-16,0.004411612288364033,0.004411612288364033,4411612.288364172,1.384649719231132e-07
PCAR,PACCAR Inc,Industrials,59.09001075461271,0.0021141649048625794,0.0021496710810726943,1.9520476598381797e-16,0.002149671081072499,0.002149671081072499,2149671.081072694,1.9520476598381797e-07
PCG,PG&E Corp,Utilities,51.07404658357387,0.0021141649048625794,0.002023499034788076,0.0,0.002023499034788076,0.002023499034788076,2023499.0347880758,0.0
PEG,Public Service Enterprise Grou,Utilities,64.45519895859175,0.0021141649048625794,0.006332873199741035,0.0,0.006332873199741035,0.006332873199741035,6332873.199741035,0.0
PEP,PepsiCo Inc,Consumer Staples,64.10982724742597,0.0021141649048625794,0.0036515865637733185,1.0913225136163116e-16,0.003651586563773209,0.003651586563773209,3651586.5637733187,1.0913225136163116e-07
PFE,Pfizer Inc,Health Care,79.6918688010565,0.0021141649048625794,0.0037061657029518295,1.0737498284499106e-16,0.003706165702951722,0.003706165702951722,3706165.7029518294,1.0737498284499106e-07
PFG,Principal Financial Group Inc,Financials,49.99417044206704,0.0021141649048625794,0.000636023042875434,0.0,0.000636023042875434,0.000636023042875434,636023.042875434,0.0
PG,Procter & Gamble Co/The,Consumer Staples,54.77383548964231,0.0021141649048625794,0.0,0.0,0.0,0.0,0.0,0.0
PGR,Progressive Corp/The,Financials,68.8229891979328,0.0021141649048625794,0.004863844633788313,2.668486092845299e-16,0.0048638446337880455,0.0048638446337880455,4863844.633788313,2.6684860928452993e-07
PH,Parker-Hannifin Corp,Industrials,63.60885936714956,0.0021141649048625794,0.0062333268280350745,0.0,0.0062333268280350745,0.0062333268280350745,6233326.828035074,0.0
PHM,PulteGroup Inc,Consumer Discretionary,44.37192180544466,0.0021141649048625794,6.808545374949012e-19,1.8330471706532495e-16,-1.8262386252783004e-16,1.8262386252783004e-16,6.808545374949012e-10,1.8330471706532495e-07
PKG,Packaging Corp of America,Materials,42.396229288355904,0.0021141649048625794,2.6101736323238694e-19,7.459843986276423e-17,-7.433742249953183e-17,7.433742249953183e-17,2.6101736323238694e-10,7.459843986276422e-08
PLD,Prologis Inc,Real Estate,84.91110070133837,0.0021141649048625794,0.003599761757672721,0.0,0.003599761757672721,0.003599761757672721,3599761.757672721,0.0
PM,Philip Morris International In,Consumer Staples,81.58165487727041,0.0021141649048625794,0.008473081962359044,0.0,0.008473081962359044,0.008473081962359044,8473081.962359043,0.0
PNC,PNC Financial Services Group I,Financials,54.93581494858349,0.0021141649048625794,0.0005719723411541495,0.0,0.0005719723411541495,0.0005719723411541495,571972.3411541495,0.0
PNR,Pentair PLC,Industrials,48.466007386707,0.0021141649048625794,0.0,0.0,0.0,0.0,0.0,0.0
PNW,Pinnacle West Capital Corp,Utilities,58.17506062958783,0.0021141649048625794,0.0,0.0,0.0,0.0,0.0,0.0
PODD,Insulet Corp,Health Care,38.84803250828176,0.0021141649048625794,0.0,0.0,0.0,0.0,0.0,0.0
PPG,PPG Industries Inc,Materials,53.3694683894435,0.0021141649048625794,0.0,0.0,0.0,0.0,0.0,0.0
PPL,PPL Corp,Utilities,50.76941269582144,0.0021141649048625794,0.0,8.867089688418153e-17,-8.867089688418153e-17,8.867089688418153e-17,0.0,8.867089688418153e-08
PRU,Prudential Financial Inc,Financials,67.03125922260797,0.0021141649048625794,0.004752305165556055,0.0,0.004752305165556055,0.004752305165556055,4752305.1655560555,0.0
PSA,Public Storage,Real Estate,38.7243150085537,0.0021141649048625794,0.0,2.4183416027298415e-16,-2.4183416027298415e-16,2.4183416027298415e-16,0.0,2.4183416027298415e-07
PSKY,Paramount Skydance Corp,Communication Services,61.84920366383781,0.0021141649048625794,0.006690728870653107,0.0,0.006690728870653107,0.006690728870653107,6690728.870653107,0.0
PSX,Phillips 66,Energy,53.34164309458427,0.0021141649048625794,0.0,4.729283258557745e-16,-4.729283258557745e-16,4.729283258557745e-16,0.0,4.7292832585577454e-07
PTC,PTC Inc,Information Technology,85.79523883287465,0.0021141649048625794,0.004215908727669266,0.0,0.004215908727669266,0.004215908727669266,4215908.727669266,0.0
PWR,Quanta Services Inc,Industrials,35.15050890233404,0.0021141649048625794,0.0,0.049999999999997914,-0.049999999999997914,0.049999999999997914,0.0,49999999.999997914
PYPL,PayPal Holdings Inc,Financials,66.08448022056865,0.0021141649048625794,0.007160734244702184,0.0,0.007160734244702184,0.007160734244702184,7160734.244702184,0.0
QCOM,QUALCOMM Inc,Information Technology,63.64300311214655,0.0021141649048625794,0.004594411036849771,0.0,0.004594411036849771,0.004594411036849771,4594411.036849771,0.0
RCL,Royal Caribbean Cruises Ltd,Consumer Discretionary,40.96911435825854,0.0021141649048625794,0.0,0.0,0.0,0.0,0.0,0.0
REG,Regency Centers Corp,Real Estate,62.67580089881559,0.0021141649048625794,0.002514044499105556,1.9483968014465977e-16,0.002514044499105361,0.002514044499105361,2514044.499105556,1.9483968014465977e-07
REGN,Regeneron Pharmaceuticals Inc,Health Care,37.43390085974836,0.0021141649048625794,0.0,0.0,0.0,0.0,0.0,0.0
RF,Regions Financial Corp,Financials,49.28250693292529,0.0021141649048625794,0.0009467651612812957,1.1014518659219997e-17,0.0009467651612812847,0.0009467651612812847,946765.1612812957,1.1014518659219998e-08
RJF,Raymond James Financial Inc,Financials,43.76182557280119,0.0021141649048625794,2.967118610252752e-19,0.0,2.967118610252752e-19,2.967118610252752e-19,2.967118610252752e-10,0.0
RL,Ralph Lauren Corp,Consumer Discretionary,70.91410185552812,0.0021141649048625794,0.005011733034771926,0.0,0.005011733034771926,0.005011733034771926,5011733.034771926,0.0
RMD,ResMed Inc,Health Care,42.397185029355214,0.0021141649048625794,1.454106008219758e-19,0.0,1.454106008219758e-19,1.454106008219758e-19,1.454106008219758e-10,0.0
ROK,Rockwell Automation Inc,Industrials,74.40778503899469,0.0021141649048625794,0.006512297290466001,0.0,0.006512297290466001,0.006512297290466001,6512297.290466001,0.0
ROL,Rollins Inc,Industrials,50.0,0.0021141649048625794,1.7201272932168117e-19,2.1977714458654315e-16,-2.1960513185722146e-16,2.1960513185722146e-16,1.7201272932168116e-10,2.1977714458654315e-07
ROP,Roper Technologies Inc,Information Technology,53.66506071024759,0.0021141649048625794,9.399197031119551e-20,0.0,9.399197031119551e-20,9.399197031119551e-20,9.399197031119551e-11,0.0
ROST,Ross Stores Inc,Consumer Discretionary,38.99990805459388,0.0021141649048625794,0.0,5.566134054225798e-17,-5.566134054225798e-17,5.566134054225798e-17,0.0,5.566134054225797e-08
RSG,Republic Services Inc,Industrials,54.93235951212368,0.0021141649048625794,0.0003592928920688754,3.2120397038066527e-16,0.0003592928920685542,0.0003592928920685542,359292.89206887543,3.212039703806653e-07
RTX,RTX Corp,Industrials,46.18163098518586,0.0021141649048625794,0.0016274438103786155,0.0,0.0016274438103786155,0.0016274438103786155,1627443.8103786155,0.0
RVTY,Revvity Inc,Health Care,43.14001914803013,0.0021141649048625794,0.0,0.0,0.0,0.0,0.0,0.0
SBAC,SBA Communications Corp,Real Estate,51.680968837102,0.0021141649048625794,0.0,0.0,0.0,0.0,0.0,0.0
SBUX,Starbucks Corp,Consumer Discretionary,58.08516318761984,0.0021141649048625794,0.0006471289943248645,0.0,0.0006471289943248645,0.0006471289943248645,647128.9943248645,0.0
SCHW,Charles Schwab Corp/The,Financials,36.16962670248179,0.0021141649048625794,5.94760495705898e-19,0.0,5.94760495705898e-19,5.94760495705898e-19,5.94760495705898e-10,0.0
SHW,Sherwin-Williams Co/The,Materials,44.29243513760976,0.0021141649048625794,0.0,0.0,0.0,0.0,0.0,0.0
SJM,J M Smucker Co/The,Consumer Staples,43.90727317421041,0.0021141649048625794,4.689147413352207e-19,7.381976336455929e-17,-7.335084862322407e-17,7.335084862322407e-17,4.689147413352207e-10,7.381976336455928e-08
SLB,SLB Ltd,Energy,68.82422172513905,0.0021141649048625794,0.0019893814205511114,0.0,0.0019893814205511114,0.0019893814205511114,1989381.4205511115,0.0
SMCI,Super Micro Computer Inc,Information Technology,64.19972857011447,0.0021141649048625794,0.00614229103830738,0.049999999999997914,-0.043857708961690535,0.043857708961690535,6142291.03830738,49999999.999997914
SNA,Snap-on Inc,Industrials,56.88031541452248,0.0021141649048625794,5.935836741481066e-19,0.0,5.935836741481066e-19,5.935836741481066e-19,5.935836741481066e-10,0.0
SNPS,Synopsys Inc,Information Technology,44.24051929259688,0.0021141649048625794,0.0,4.136312795962724e-17,-4.136312795962724e-17,4.136312795962724e-17,0.0,4.136312795962724e-08
SO,Southern Co/The,Utilities,35.89548022303077,0.0021141649048625794,0.0,0.0,0.0,0.0,0.0,0.0
SPG,Simon Property Group Inc,Real Estate,62.58075049527699,0.0021141649048625794,0.003937832803757282,0.0,0.003937832803757282,0.003937832803757282,3937832.8037572815,0.0
SPGI,S&P Global Inc,Financials,52.75671775095188,0.0021141649048625794,0.005230207720976959,1.542279952444127e-16,0.005230207720976805,0.005230207720976805,5230207.720976959,1.542279952444127e-07
SRE,Sempra,Utilities,35.60959711169793,0.0021141649048625794,0.0,0.0,0.0,0.0,0.0,0.0
STE,STERIS PLC,Health Care,46.19679158909879,0.0021141649048625794,0.002118430544488534,0.0,0.002118430544488534,0.002118430544488534,2118430.544488534,0.0
STLD,Steel Dynamics Inc,Materials,43.80407072697128,0.0021141649048625794,0.0,1.1619325847200986e-16,-1.1619325847200986e-16,1.1619325847200986e-16,0.0,1.1619325847200986e-07
STT,State Street Corp,Financials,56.879475163879576,0.0021141649048625794,0.0018444205904936117,0.0,0.0018444205904936117,0.0018444205904936117,1844420.5904936118,0.0
STX,Seagate Technology Holdings PL,Information Technology,50.07777185959245,0.0021141649048625794,0.0,0.04999999999999744,-0.04999999999999744,0.04999999999999744,0.0,49999999.999997444
STZ,Constellation Brands Inc,Consumer Staples,46.65546436564043,0.0021141649048625794,0.001288830502870636,0.0,0.001288830502870636,0.001288830502870636,1288830.5028706358,0.0
SW,Smurfit Westrock PLC,Materials,43.50864464645634,0.0021141649048625794,0.0,3.991756587423768e-17,-3.991756587423768e-17,3.991756587423768e-17,0.0,3.991756587423768e-08
SWK,Stanley Black & Decker Inc,Industrials,53.33605445916957,0.0021141649048625794,0.0018776956001699185,0.0,0.0018776956001699185,0.0018776956001699185,1877695.6001699185,0.0
SWKS,Skyworks Solutions Inc,Information Technology,51.930258849278815,0.0021141649048625794,0.002827721981599142,0.0,0.002827721981599142,0.002827721981599142,2827721.981599142,0.0
SYF,Synchrony Financial,Financials,50.92038114508703,0.0021141649048625794,0.0015756935893910247,0.0,0.0015756935893910247,0.0015756935893910247,1575693.5893910248,0.0
SYK,Stryker Corp,Health Care,45.607355185034336,0.0021141649048625794,0.0027427116907317375,0.0,0.0027427116907317375,0.0027427116907317375,2742711.6907317378,0.0
SYY,Sysco Corp,Consumer Staples,56.50868114724357,0.0021141649048625794,0.0009104700805274375,3.3361617368513163e-17,0.0009104700805274041,0.0009104700805274041,910470.0805274375,3.336161736851316e-08
T,AT&T Inc,Communication Services,52.95516092764033,0.0021141649048625794,0.0015025102762100209,2.736001298353942e-17,0.0015025102762099935,0.0015025102762099935,1502510.2762100208,2.736001298353942e-08
TAP,Molson Coors Beverage Co,Consumer Staples,55.82454915910322,0.0021141649048625794,2.449556396694034e-20,0.0,2.449556396694034e-20,2.449556396694034e-20,2.4495563966940342e-11,0.0
TDG,TransDigm Group Inc,Industrials,41.67642082373538,0.0021141649048625794,0.0,9.447983583643591e-17,-9.447983583643591e-17,9.447983583643591e-17,0.0,9.447983583643591e-08
TDY,Teledyne Technologies Inc,Information Technology,48.54858518964479,0.0021141649048625794,0.0,0.0,0.0,0.0,0.0,0.0
TECH,Bio-Techne Corp,Health Care,48.45470401315693,0.0021141649048625794,0.0004579688617481893,1.0314673703340373e-16,0.00045796886174808614,0.00045796886174808614,457968.8617481893,1.0314673703340373e-07
TEL,TE Connectivity PLC,Information Technology,49.92596888041088,0.0021141649048625794,0.0,0.0,0.0,0.0,0.0,0.0
TER,Teradyne Inc,Information Technology,52.38123629070428,0.0021141649048625794,0.0010169240122757772,0.0,0.0010169240122757772,0.0010169240122757772,1016924.0122757772,0.0
TFC,Truist Financial Corp,Financials,48.047669203501854,0.0021141649048625794,0.003221660722843778,0.0,0.003221660722843778,0.003221660722843778,3221660.7228437783,0.0
TGT,Target Corp,Consumer Staples,70.86429589941463,0.0021141649048625794,0.006190314713842385,0.0,0.006190314713842385,0.006190314713842385,6190314.713842385,0.0
TJX,TJX Cos Inc/The,Consumer Discretionary,50.295246775776576,0.0021141649048625794,0.00041646302586293235,0.0,0.00041646302586293235,0.00041646302586293235,416463.0258629323,0.0
TKO,TKO Group Holdings Inc,Communication Services,50.0,0.0021141649048625794,0.0016978939935158308,0.0,0.0016978939935158308,0.0016978939935158308,1697893.9935158307,0.0
TMO,Thermo Fisher Scientific Inc,Health Care,55.41979917752285,0.0021141649048625794,0.0009982670738795877,3.448173494633991e-16,0.000998267073879243,0.000998267073879243,998267.0738795877,3.448173494633991e-07
TMUS,T-Mobile US Inc,Communication Services,57.39792355156271,0.0021141649048625794,0.0023556941403349175,9.829726035508334e-17,0.002355694140334819,0.002355694140334819,2355694.1403349177,9.829726035508335e-08
TPL,Texas Pacific Land Corp,Energy,53.24832667268971,0.0021141649048625794,0.0003399104681093995,0.0,0.0003399104681093995,0.0003399104681093995,339910.4681093995,0.0
TPR,Tapestry Inc,Consumer Discretionary,62.67123086258606,0.0021141649048625794,0.007424916001095536,0.0,0.007424916001095536,0.007424916001095536,7424916.001095536,0.0
TRGP,Targa Resources Corp,Energy,31.14273814407837,0.0021141649048625794,4.9934105798655124e-20,0.049999999999997914,-0.049999999999997914,0.049999999999997914,4.993410579865512e-11,49999999.999997914
TRMB,Trimble Inc,Information Technology,68.96909614277327,0.0021141649048625794,0.00619067497291927,0.0,0.00619067497291927,0.00619067497291927,6190674.972919269,0.0
TROW,T Rowe Price Group Inc,Financials,36.356697957013786,0.0021141649048625794,2.5148886312772418e-20,0.0,2.5148886312772418e-20,2.5148886312772418e-20,2.5148886312772417e-11,0.0
TRV,Travelers Cos Inc/The,Financials,49.73751268957729,0.0021141649048625794,0.0017430784079635606,3.074614268605516e-17,0.0017430784079635298,0.0017430784079635298,1743078.4079635607,3.074614268605516e-08
TSCO,Tractor Supply Co,Consumer Discretionary,19.231643288761685,0.0021141649048625794,0.0,0.0,0.0,0.0,0.0,0.0
TSLA,Tesla Inc,Consumer Discretionary,22.931785026430475,0.0021141649048625794,2.5241692006531855e-18,0.049999999999997914,-0.049999999999997914,0.049999999999997914,2.5241692006531854e-09,49999999.999997914
TSN,Tyson Foods Inc,Consumer Staples,62.8540203057533,0.0021141649048625794,0.006311021525158779,0.0,0.006311021525158779,0.006311021525158779,6311021.52515878,0.0
TT,Trane Technologies PLC,Industrials,77.96079062297503,0.0021141649048625794,0.005939568171648154,8.646559808481838e-17,0.005939568171648067,0.005939568171648067,5939568.171648154,8.646559808481838e-08
TTD,Trade Desk Inc/The,Communication Services,50.0,0.0021141649048625794,0.0010549189056496132,0.0,0.0010549189056496132,0.0010549189056496132,1054918.9056496131,0.0
TTWO,Take-Two Interactive Software,Communication Services,58.61076923076924,0.0021141649048625794,0.001756658974832463,3.398166651925998e-17,0.0017566589748324289,0.0017566589748324289,1756658.9748324628,3.3981666519259975e-08
TXN,Texas Instruments Inc,Information Technology,37.62504644617037,0.0021141649048625794,0.0,0.0,0.0,0.0,0.0,0.0
TXT,Textron Inc,Industrials,40.72502055299076,0.0021141649048625794,3.642682146334609e-19,0.0,3.642682146334609e-19,3.642682146334609e-19,3.642682146334609e-10,0.0
TYL,Tyler Technologies Inc,Information Technology,47.319073141324125,0.0021141649048625794,0.004281411585033278,7.049412905363147e-17,0.004281411585033207,0.004281411585033207,4281411.585033278,7.049412905363148e-08
UAL,United Airlines Holdings Inc,Industrials,44.259287157158255,0.0021141649048625794,1.761706803171251e-19,2.4243562646915005e-16,-2.422594557888329e-16,2.422594557888329e-16,1.761706803171251e-10,2.4243562646915006e-07
UDR,UDR Inc,Real Estate,37.68455845206788,0.0021141649048625794,0.0,1.339086284344186e-16,-1.339086284344186e-16,1.339086284344186e-16,0.0,1.339086284344186e-07
UHS,Universal Health Services Inc,Health Care,50.0,0.0021141649048625794,0.001695946032705435,0.0,0.001695946032705435,0.001695946032705435,1695946.032705435,0.0
ULTA,Ulta Beauty Inc,Consumer Discretionary,77.72996778762891,0.0021141649048625794,0.005553914289189242,2.089350769245151e-16,0.005553914289189033,0.005553914289189033,5553914.289189242,2.089350769245151e-07
UNH,UnitedHealth Group Inc,Health Care,48.90568919112776,0.0021141649048625794,0.0013651472376360876,1.608628421978894e-16,0.0013651472376359267,0.0013651472376359267,1365147.2376360877,1.6086284219788938e-07
UNP,Union Pacific Corp,Industrials,46.90498168248128,0.0021141649048625794,0.0005332454595943315,6.57605142512293e-17,0.0005332454595942656,0.0005332454595942656,533245.4595943314,6.57605142512293e-08
UPS,United Parcel Service Inc,Industrials,52.622233296657456,0.0021141649048625794,8.259227105483572e-05,0.0,8.259227105483572e-05,8.259227105483572e-05,82592.27105483571,0.0
URI,United Rentals Inc,Industrials,45.18702137725252,0.0021141649048625794,0.0,0.0,0.0,0.0,0.0,0.0
USB,US Bancorp,Financials,53.58951262788123,0.0021141649048625794,0.002310125011635472,1.4901438923955123e-16,0.002310125011635323,0.002310125011635323,2310125.011635472,1.4901438923955124e-07
V,Visa Inc,Financials,59.82197386477718,0.0021141649048625794,0.007117970222316512,6.741040963013598e-17,0.007117970222316444,0.007117970222316444,7117970.222316512,6.741040963013598e-08
VEEV,Veeva Systems Inc,Health Care,73.35077639088107,0.0021141649048625794,0.007341368810017321,0.0,0.007341368810017321,0.007341368810017321,7341368.81001732,0.0
VICI,VICI Properties Inc,Real Estate,67.75218262417422,0.0021141649048625794,0.0020245131894904046,1.2155682717069261e-17,0.0020245131894903925,0.0020245131894903925,2024513.1894904047,1.2155682717069262e-08
VLO,Valero Energy Corp,Energy,41.482494344700086,0.0021141649048625794,0.0,4.46627878777938e-17,-4.46627878777938e-17,4.46627878777938e-17,0.0,4.46627878777938e-08
VMC,Vulcan Materials Co,Materials,53.63247022559095,0.0021141649048625794,0.00129298937336436,0.0,0.00129298937336436,0.00129298937336436,1292989.37336436,0.0
VMRK,Vivmark Residential,Real Estate,56.78082462074344,0.0021141649048625794,0.0005556625426677644,0.0,0.0005556625426677644,0.0005556625426677644,555662.5426677644,0.0
VRSK,Verisk Analytics Inc,Industrials,77.14360667402988,0.0021141649048625794,0.004487149561556111,0.0,0.004487149561556111,0.004487149561556111,4487149.561556111,0.0
VRSN,VeriSign Inc,Information Technology,50.0,0.0021141649048625794,1.4269744841280187e-19,0.0,1.4269744841280187e-19,1.4269744841280187e-19,1.4269744841280186e-10,0.0
VRT,Vertiv Holdings Co,Industrials,50.0,0.0021141649048625794,0.001638823319483581,0.049999999999997914,-0.04836117668051433,0.04836117668051433,1638823.319483581,49999999.999997914
VRTX,Vertex Pharmaceuticals Inc,Health Care,47.53001007041164,0.0021141649048625794,0.0,8.456862736536875e-17,-8.456862736536875e-17,8.456862736536875e-17,0.0,8.456862736536875e-08
VST,Vistra Corp,Utilities,49.87192602740379,0.0021141649048625794,0.0009201743831915628,2.2031518320909947e-17,0.0009201743831915408,0.0009201743831915408,920174.3831915628,2.2031518320909947e-08
VTR,Ventas Inc,Real Estate,47.03126531530098,0.0021141649048625794,0.0,1.1137349170652197e-18,-1.1137349170652197e-18,1.1137349170652197e-18,0.0,1.1137349170652197e-09
VTRS,Viatris Inc,Health Care,57.13243486074956,0.0021141649048625794,0.0021417992033087095,0.0,0.0021417992033087095,0.0021417992033087095,2141799.2033087094,0.0
VZ,Verizon Communications Inc,Communication Services,52.28954662436491,0.0021141649048625794,1.3664158545566605e-19,0.0,1.3664158545566605e-19,1.3664158545566605e-19,1.3664158545566605e-10,0.0
WAB,Westinghouse Air Brake Technol,Industrials,35.23975787299344,0.0021141649048625794,0.0,0.0,0.0,0.0,0.0,0.0
WAT,Waters Corp,Health Care,42.954434109549695,0.0021141649048625794,5.696020538289692e-19,2.6207964856573995e-17,-2.5638362802745027e-17,2.5638362802745027e-17,5.696020538289692e-10,2.6207964856573996e-08
WBD,Warner Bros Discovery Inc,Communication Services,55.05925187395386,0.0021141649048625794,0.0021245884414309874,0.0,0.0021245884414309874,0.0021245884414309874,2124588.4414309873,0.0
WDAY,Workday Inc,Information Technology,51.03808559116185,0.0021141649048625794,0.0017966865465962557,0.0,0.0017966865465962557,0.0017966865465962557,1796686.5465962556,0.0
WDC,Western Digital Corp,Information Technology,37.5529407203217,0.0021141649048625794,0.0,0.0,0.0,0.0,0.0,0.0
WEC,WEC Energy Group Inc,Utilities,42.25226719441169,0.0021141649048625794,0.0,3.0073896221356985e-16,-3.0073896221356985e-16,3.0073896221356985e-16,0.0,3.0073896221356985e-07
WELL,Welltower Inc,Real Estate,62.05453012848847,0.0021141649048625794,0.009017056904339094,0.0,0.009017056904339094,0.009017056904339094,9017056.904339094,0.0
WFC,Wells Fargo & Co,Financials,54.59474331890743,0.0021141649048625794,0.004316206484751903,0.0,0.004316206484751903,0.004316206484751903,4316206.484751903,0.0
WM,Waste Management Inc,Industrials,47.21937497161693,0.0021141649048625794,0.004036756011097008,1.2707652544733052e-16,0.00403675601109688,0.00403675601109688,4036756.011097008,1.2707652544733053e-07
WMB,Williams Cos Inc/The,Energy,29.14281361111008,0.0021141649048625794,5.929086947682633e-19,1.4487838452259027e-16,-1.44285475827822e-16,1.44285475827822e-16,5.929086947682633e-10,1.4487838452259026e-07
WMT,Walmart Inc,Consumer Staples,44.73291003460604,0.0021141649048625794,4.587863215264652e-19,0.0,4.587863215264652e-19,4.587863215264652e-19,4.5878632152646516e-10,0.0
WRB,W R Berkley Corp,Financials,31.995760167367504,0.0021141649048625794,0.0,1.4431285498440698e-16,-1.4431285498440698e-16,1.4431285498440698e-16,0.0,1.4431285498440698e-07
WSM,Williams-Sonoma Inc,Consumer Discretionary,73.15578882388768,0.0021141649048625794,0.006049223603159461,0.020806783950504785,-0.014757560347345324,0.014757560347345324,6049223.603159461,20806783.950504784
WST,West Pharmaceutical Services I,Health Care,68.20600341514248,0.0021141649048625794,0.006118072923860958,1.177034210653059e-16,0.00611807292386084,0.00611807292386084,6118072.923860958,1.1770342106530589e-07
WTW,Willis Towers Watson PLC,Financials,50.47440493465695,0.0021141649048625794,0.001349789720552526,1.0590999673908965e-16,0.0013497897205524201,0.0013497897205524201,1349789.720552526,1.0590999673908965e-07
WY,Weyerhaeuser Co,Real Estate,42.10128495704493,0.0021141649048625794,0.0,0.0,0.0,0.0,0.0,0.0
WYNN,Wynn Resorts Ltd,Consumer Discretionary,44.36628038199318,0.0021141649048625794,0.0,0.0,0.0,0.0,0.0,0.0
XEL,Xcel Energy Inc,Utilities,36.43833856817932,0.0021141649048625794,5.323734422391286e-19,0.0,5.323734422391286e-19,5.323734422391286e-19,5.323734422391286e-10,0.0
XOM,ExxonMobil Holdings Corp,Energy,58.44814536421302,0.0021141649048625794,0.0,1.5711036090612857e-16,-1.5711036090612857e-16,1.5711036090612857e-16,0.0,1.5711036090612857e-07
XYL,Xylem Inc/NY,Industrials,44.62717153683718,0.0021141649048625794,4.1186977060240354e-20,0.0,4.1186977060240354e-20,4.1186977060240354e-20,4.1186977060240354e-11,0.0
XYZ,Block Inc,Financials,75.54032009381967,0.0021141649048625794,0.005774619472415883,0.0,0.005774619472415883,0.005774619472415883,5774619.472415883,0.0
YUM,Yum! Brands Inc,Consumer Discretionary,56.56465690956508,0.0021141649048625794,0.0014969494421055102,8.741804729385995e-18,0.0014969494421055015,0.0014969494421055015,1496949.4421055103,8.741804729385995e-09
ZBH,Zimmer Biomet Holdings Inc,Health Care,59.89854853946847,0.0021141649048625794,0.006625490516062496,3.129559881921926e-16,0.006625490516062183,0.006625490516062183,6625490.516062496,3.129559881921926e-07
ZBRA,Zebra Technologies Corp,Information Technology,54.53262125283868,0.0021141649048625794,0.001724052009520332,0.0,0.001724052009520332,0.001724052009520332,1724052.009520332,0.0
ZTS,Zoetis Inc,Health Care,56.27847690588245,0.0021141649048625794,0.002954287829568935,0.0,0.002954287829568935,0.002954287829568935,2954287.829568935,0.0
