,Company,Sector,Climate_Transition_Score,Data_Coverage,Benchmark_Weight,Prior_Return,BL_Posterior_Return,Weight,Active_Weight,Dollar_Allocation
HIG,Hartford Insurance Group Inc/T,Financials,74.89000088535703,0.8000000000000002,0.0021141649048625794,0.10051717560794907,0.10535942440166457,0.012267719183290116,0.010153554278427537,12267719.183290116
KIM,Kimco Realty Corp,Real Estate,61.17431635952504,0.9200000000000002,0.0021141649048625794,0.12003835954314979,0.12188066742914416,0.009411711934807441,0.007297547029944862,9411711.934807442
EG,Everest Group Ltd,Financials,61.30436486664795,0.8000000000000002,0.0021141649048625794,0.08355286018622968,0.08662707088149167,0.009144800434704132,0.007030635529841553,9144800.434704132
WELL,Welltower Inc,Real Estate,62.05453012848847,0.9200000000000002,0.0021141649048625794,0.0998409112258714,0.10153645931824441,0.009017056904339094,0.006902891999476515,9017056.904339094
CME,CME Group Inc,Financials,74.22933519082122,0.8000000000000002,0.0021141649048625794,0.06058003954962646,0.06270447995325663,0.008697006113837124,0.006582841208974545,8697006.113837125
CSCO,Cisco Systems Inc,Information Technology,63.32935592575659,1.0000000000000002,0.0021141649048625794,0.08689632246907944,0.08988895363470799,0.008662317241722617,0.006548152336860038,8662317.241722617
BNY,Bank of New York Mellon Corp/T,Financials,70.63926434363577,0.8000000000000002,0.0021141649048625794,0.10160675713268376,0.10524940967724933,0.00853700202046125,0.00642283711559867,8537002.020461248
PM,Philip Morris International In,Consumer Staples,81.58165487727041,1.0000000000000002,0.0021141649048625794,0.059380143333631334,0.06080439657922156,0.008473081962359044,0.006358917057496465,8473081.962359043
AXP,American Express Co,Financials,68.61201777030865,1.0000000000000002,0.0021141649048625794,0.13423244589558048,0.13901595594537663,0.00823973392369409,0.006125569018831512,8239733.923694091
MCD,McDonald's Corp,Consumer Discretionary,65.59596186850492,0.7900000000000001,0.0021141649048625794,0.06415855256281075,0.06626002931829755,0.008177948861807104,0.006063783956944525,8177948.861807104
BMY,Bristol-Myers Squibb Co,Health Care,69.74345759003188,1.0000000000000002,0.0021141649048625794,0.051520074031023926,0.05327641015674819,0.007861854147000536,0.0057476892421379575,7861854.147000536
ELV,Elevance Health Inc,Health Care,66.77399054697565,1.0000000000000002,0.0021141649048625794,0.08106890423099707,0.08534338886804005,0.007777082911794004,0.005662918006931425,7777082.911794004
CTSH,Cognizant Technology Solutions,Information Technology,63.21392299513306,1.0000000000000002,0.0021141649048625794,0.10243201747877213,0.1080857238180869,0.007602969188657057,0.005488804283794477,7602969.1886570575
EMR,Emerson Electric Co,Industrials,63.01486025378631,1.0000000000000002,0.0021141649048625794,0.11925205004000716,0.12040222443339621,0.007573673236471407,0.005459508331608827,7573673.236471407
GDDY,GoDaddy Inc,Information Technology,71.6329935477615,0.8000000000000002,0.0021141649048625794,0.09664876429366434,0.10401969626418588,0.007537133868199237,0.005422968963336657,7537133.868199237
CRM,Salesforce Inc,Information Technology,67.73759527568953,1.0000000000000002,0.0021141649048625794,0.10430191606743582,0.11227732336771817,0.007446133302351466,0.005331968397488887,7446133.302351465
TPR,Tapestry Inc,Consumer Discretionary,62.67123086258606,1.0000000000000002,0.0021141649048625794,0.1546302903341348,0.1596170084341208,0.007424916001095536,0.005310751096232956,7424916.001095536
ALL,Allstate Corp/The,Financials,62.41981474275991,0.8000000000000002,0.0021141649048625794,0.07949863383593476,0.08184363499884043,0.007407685072387385,0.005293520167524806,7407685.072387385
VEEV,Veeva Systems Inc,Health Care,73.35077639088107,0.5000000000000001,0.0021141649048625794,0.0894294604454345,0.0963878083529204,0.007341368810017321,0.005227203905154741,7341368.81001732
NTRS,Northern Trust Corp,Financials,68.17464047172038,0.9200000000000002,0.0021141649048625794,0.11793309714967684,0.12111941005181337,0.007280034194303496,0.005165869289440917,7280034.194303497
KEY,KeyCorp,Financials,61.691753832960416,0.8000000000000002,0.0021141649048625794,0.1538251041122886,0.15833278585368907,0.007279941114491232,0.005165776209628653,7279941.114491233
MRK,Merck & Co Inc,Health Care,65.69742807540668,1.0000000000000002,0.0021141649048625794,0.04955552675814,0.05088211974320963,0.00723576950900598,0.0051216046041434,7235769.509005981
HPQ,HP Inc,Information Technology,68.75126043049494,1.0000000000000002,0.0021141649048625794,0.1185954024142326,0.12431498958090183,0.007221254018761101,0.005107089113898521,7221254.018761101
PYPL,PayPal Holdings Inc,Financials,66.08448022056865,1.0000000000000002,0.0021141649048625794,0.11994615993825279,0.12665547455874263,0.007160734244702184,0.005046569339839605,7160734.244702184
IR,Ingersoll Rand Inc,Industrials,74.16822157471478,1.0000000000000002,0.0021141649048625794,0.12222634097526268,0.12447650739427929,0.00712241944261338,0.005008254537750801,7122419.44261338
V,Visa Inc,Financials,59.82197386477718,1.0000000000000002,0.0021141649048625794,0.0953017338291772,0.09975572654787711,0.007117970222316512,0.005003805317453933,7117970.222316512
MCK,McKesson Corp,Health Care,79.21931663398959,1.0000000000000002,0.0021141649048625794,0.061251311391173714,0.0636309656896669,0.007116105934900492,0.0050019410300379125,7116105.934900492
CNC,Centene Corp,Health Care,86.28154299153873,0.8000000000000002,0.0021141649048625794,0.08026408248706991,0.08596255515544586,0.007090362995151534,0.0049761980902889545,7090362.995151535
GEN,Gen Digital Inc,Information Technology,77.90077959991767,0.8000000000000002,0.0021141649048625794,0.06813667978488064,0.07296104040751171,0.007063081204641438,0.004948916299778859,7063081.204641438
KO,Coca-Cola Co/The,Consumer Staples,81.99348877080712,1.0000000000000002,0.0021141649048625794,0.05438861190512789,0.05477022282772133,0.007029017870666111,0.004914852965803532,7029017.870666111
CI,Cigna Group/The,Health Care,65.5973498230019,0.9200000000000002,0.0021141649048625794,0.08263457089020942,0.08647442822005542,0.007002613296151887,0.004888448391289308,7002613.296151888
FTV,Fortive Corp,Industrials,68.06928598318069,0.8000000000000002,0.0021141649048625794,0.10642297861881884,0.10908326222481504,0.006999817735336746,0.004885652830474166,6999817.735336746
DELL,Dell Technologies Inc,Information Technology,71.38103550765678,1.0000000000000002,0.0021141649048625794,0.11756472613775559,0.12371510168910403,0.006942668713718478,0.0048285038088558985,6942668.713718479
EW,Edwards Lifesciences Corp,Health Care,64.71819983270129,1.0000000000000002,0.0021141649048625794,0.0874491180867138,0.09153353737224999,0.0069359654107595545,0.004821800505896975,6935965.410759554
IQV,IQVIA Holdings Inc,Health Care,72.37556140129749,1.0000000000000002,0.0021141649048625794,0.11744458197091037,0.12159016442241238,0.006885913728778943,0.004771748823916363,6885913.728778943
MA,Mastercard Inc,Financials,73.15222250386056,1.0000000000000002,0.0021141649048625794,0.10604132399409011,0.110755693437535,0.0068817179725383865,0.004767553067675807,6881717.9725383865
EFX,Equifax Inc,Industrials,62.793845617901496,1.0000000000000002,0.0021141649048625794,0.10103352451047391,0.10507568823614118,0.006863425940084397,0.004749261035221818,6863425.940084397
HAS,Hasbro Inc,Consumer Discretionary,66.57454523003223,1.0000000000000002,0.0021141649048625794,0.10273820082409064,0.10562577053538591,0.006858017635778208,0.004743852730915628,6858017.635778208
ACN,Accenture PLC,Information Technology,68.24988015112697,1.0000000000000002,0.0021141649048625794,0.098913933808769,0.10508573522296467,0.0067944377038291716,0.004680272798966592,6794437.703829171
CDW,CDW Corp/DE,Information Technology,68.58060787291521,1.0000000000000002,0.0021141649048625794,0.11368304754641696,0.11834639948052443,0.0067298061668396554,0.004615641261977076,6729806.1668396555
PSKY,Paramount Skydance Corp,Communication Services,61.84920366383781,0.5,0.0021141649048625794,0.12048486757032366,0.1266904855930992,0.006690728870653107,0.004576563965790528,6690728.870653107
C,Citigroup Inc,Financials,81.62811986090455,0.8000000000000002,0.0021141649048625794,0.13565299776031486,0.1397491541266022,0.00668583107408607,0.004571666169223491,6685831.07408607
ZBH,Zimmer Biomet Holdings Inc,Health Care,59.89854853946847,1.0000000000000002,0.0021141649048625794,0.08888188850157218,0.09162192175673047,0.006625490516062496,0.004511325611199917,6625490.516062496
MSCI,MSCI Inc,Financials,63.98657712130685,1.0000000000000002,0.0021141649048625794,0.10645954683008274,0.1114070361525709,0.006527028415851447,0.004412863510988867,6527028.415851447
ROK,Rockwell Automation Inc,Industrials,74.40778503899469,1.0000000000000002,0.0021141649048625794,0.11798359854463582,0.11971178561299645,0.006512297290466001,0.0043981323856034215,6512297.290466001
HUM,Humana Inc,Health Care,68.79328742048011,1.0000000000000002,0.0021141649048625794,0.07363891896908153,0.0780241873446107,0.00649443904685647,0.004380274141993891,6494439.04685647
AIG,American International Group I,Financials,63.30798135221022,0.8000000000000002,0.0021141649048625794,0.1240868662088219,0.12824819554201322,0.006428832546263075,0.004314667641400496,6428832.546263075
ADSK,Autodesk Inc,Information Technology,86.04743117572286,1.0000000000000002,0.0021141649048625794,0.12042736724308735,0.12704177503715416,0.0064201201066254815,0.004305955201762902,6420120.1066254815
NKE,NIKE Inc,Consumer Discretionary,75.91667823155467,1.0000000000000002,0.0021141649048625794,0.1037958128131449,0.10768091298142775,0.006387548000050972,0.004273383095188392,6387548.000050972
EBAY,eBay Inc,Consumer Discretionary,61.5612034325037,1.0000000000000002,0.0021141649048625794,0.07583891211516636,0.07931678134717687,0.0063608401645847,0.004246675259722121,6360840.1645847
PEG,Public Service Enterprise Grou,Utilities,64.45519895859175,0.9200000000000002,0.0021141649048625794,0.06754136433784438,0.06677105147922066,0.006332873199741035,0.004218708294878455,6332873.199741035
TSN,Tyson Foods Inc,Consumer Staples,62.8540203057533,0.55,0.0021141649048625794,0.06513627320150277,0.06707835730847803,0.006311021525158779,0.0041968566202962,6311021.52515878
DECK,Deckers Outdoor Corp,Consumer Discretionary,62.912045155619694,1.0000000000000002,0.0021141649048625794,0.12272646244813999,0.12825978740681224,0.006248258923454656,0.004134094018592077,6248258.923454656
PH,Parker-Hannifin Corp,Industrials,63.60885936714956,1.0000000000000002,0.0021141649048625794,0.1362534238151005,0.137674219464451,0.0062333268280350745,0.004119161923172495,6233326.828035074
BBY,Best Buy Co Inc,Consumer Discretionary,66.90246436612452,1.0000000000000002,0.0021141649048625794,0.11871086431212027,0.12233179876136435,0.006229841744649873,0.004115676839787294,6229841.744649873
AMCR,Amcor PLC,Materials,70.15242288320059,1.0000000000000002,0.0021141649048625794,0.08787938489260119,0.0890813426413727,0.00621123135593203,0.004097066451069451,6211231.35593203
BKNG,Booking Holdings Inc,Consumer Discretionary,90.79315953919216,1.0000000000000002,0.0021141649048625794,0.11188713704513166,0.11753836913173044,0.0061974738970200375,0.004083308992157458,6197473.897020037
TRMB,Trimble Inc,Information Technology,68.96909614277327,1.0000000000000002,0.0021141649048625794,0.12639571254570356,0.13149210205617048,0.00619067497291927,0.004076510068056691,6190674.972919269
TGT,Target Corp,Consumer Staples,70.86429589941463,1.0000000000000002,0.0021141649048625794,0.08339067358148294,0.08603054576525654,0.006190314713842385,0.004076149808979806,6190314.713842385
AES,AES Corp/The,Utilities,64.02604929069041,0.8000000000000002,0.0021141649048625794,0.11275581969934936,0.11319299530256996,0.00618078830349331,0.004066623398630731,6180788.30349331
HST,Host Hotels & Resorts Inc,Real Estate,71.49173438676982,1.0000000000000002,0.0021141649048625794,0.12368951430259525,0.12636980398648737,0.006149402420624231,0.004035237515761651,6149402.420624231
SMCI,Super Micro Computer Inc,Information Technology,64.19972857011447,1.0000000000000002,0.0021141649048625794,0.13189778619942719,0.13743188606948187,0.00614229103830738,0.0040281261334448,6142291.03830738
WST,West Pharmaceutical Services I,Health Care,68.20600341514248,1.0000000000000002,0.0021141649048625794,0.0750551670377431,0.07733155547273138,0.006118072923860958,0.004003908018998378,6118072.923860958
MGM,MGM Resorts International,Consumer Discretionary,73.08520577050692,1.0000000000000002,0.0021141649048625794,0.1689595627586598,0.17476286549805195,0.006064738782944914,0.003950573878082335,6064738.782944914
WSM,Williams-Sonoma Inc,Consumer Discretionary,73.15578882388768,1.0000000000000002,0.0021141649048625794,0.13214986331051418,0.13680401724996355,0.006049223603159461,0.003935058698296882,6049223.603159461
NWS,News Corp,Communication Services,80.06560414758445,1.0000000000000002,0.0021141649048625794,0.1000281070126412,0.10384159177678746,0.006041858137306555,0.003927693232443975,6041858.137306555
CVS,CVS Health Corp,Health Care,73.06940285187021,1.0000000000000002,0.0021141649048625794,0.06638475862922456,0.06939538582088595,0.006012226346247361,0.003898061441384782,6012226.346247361
CHD,Church & Dwight Co Inc,Consumer Staples,62.13488326557298,1.0000000000000002,0.0021141649048625794,0.03513615466110697,0.03529423506432597,0.006005520234397583,0.003891355329535004,6005520.234397584
IT,Gartner Inc,Information Technology,70.4238877685788,1.0000000000000002,0.0021141649048625794,0.10491246050202988,0.1118903223462053,0.0059610899536970624,0.003846925048834483,5961089.953697062
NRG,NRG Energy Inc,Utilities,69.29168100609357,1.0000000000000002,0.0021141649048625794,0.10216020759694433,0.10251704194654969,0.005948064360227652,0.0038338994553650725,5948064.360227652
TT,Trane Technologies PLC,Industrials,77.96079062297503,1.0000000000000002,0.0021141649048625794,0.09846622740053408,0.09919429052863553,0.005939568171648154,0.0038254032667855748,5939568.171648154
EXPE,Expedia Group Inc,Consumer Discretionary,73.75685599132807,1.0000000000000002,0.0021141649048625794,0.14010336665879894,0.1471610497201421,0.005938621904423369,0.00382445699956079,5938621.904423369
AMD,Advanced Micro Devices Inc,Information Technology,62.400523880868505,0.9200000000000002,0.0021141649048625794,0.14183495674122804,0.1450517938975047,0.005875677905939522,0.003761513001076943,5875677.905939522
COF,Capital One Financial Corp,Financials,73.63596634279924,0.8000000000000002,0.0021141649048625794,0.15213857946604661,0.15708594247644678,0.005858883119562323,0.003744718214699744,5858883.119562323
F,Ford Motor Co,Consumer Discretionary,65.93624378485305,0.9200000000000002,0.0021141649048625794,0.12620203731036939,0.12794693459403594,0.005808980559760921,0.0036948156548983415,5808980.559760921
JPM,JPMorgan Chase & Co,Financials,49.10430858663615,0.8000000000000002,0.0021141649048625794,0.10968351649471297,0.11314230677812745,0.005786064325347142,0.0036718994204845627,5786064.325347142
NTAP,NetApp Inc,Information Technology,67.94529453723402,1.0000000000000002,0.0021141649048625794,0.10878872794083452,0.1126487577916498,0.005785341817998101,0.0036711769131355216,5785341.817998101
XYZ,Block Inc,Financials,75.54032009381967,1.0000000000000002,0.0021141649048625794,0.17722887158571107,0.18586001572731609,0.005774619472415883,0.003660454567553304,5774619.472415883
MO,Altria Group Inc,Consumer Staples,75.33761935877655,1.0000000000000002,0.0021141649048625794,0.050775053317555274,0.05128084986205999,0.005772849378525046,0.003658684473662467,5772849.378525047
ABBV,AbbVie Inc,Health Care,62.90569787849569,1.0000000000000002,0.0021141649048625794,0.055063617816002296,0.05690065542191027,0.005738828992937305,0.0036246640880747256,5738828.992937305
CRH,CRH PLC,Materials,60.38488729275766,1.0000000000000002,0.0021141649048625794,0.11699920188454375,0.1195997772511043,0.005563855187019336,0.0034496902821567568,5563855.187019336
ULTA,Ulta Beauty Inc,Consumer Discretionary,77.72996778762891,1.0000000000000002,0.0021141649048625794,0.11497786647271718,0.1193944648985183,0.005553914289189242,0.0034397493843266627,5553914.289189242
HD,Home Depot Inc/The,Consumer Discretionary,70.49085241832779,1.0000000000000002,0.0021141649048625794,0.09598839791853758,0.09800071635333152,0.00553462623828293,0.0034204613334203504,5534626.23828293
CIEN,Ciena Corp,Information Technology,85.15467802270413,1.0000000000000002,0.0021141649048625794,0.1108276786117266,0.1117084444859271,0.005497462826900022,0.003383297922037443,5497462.826900022
NFLX,Netflix Inc,Communication Services,75.27935480698847,1.0000000000000002,0.0021141649048625794,0.08140626664764868,0.08793804529865487,0.005453796110167314,0.0033396312053047346,5453796.110167314
MET,MetLife Inc,Financials,76.89655961048217,0.9200000000000002,0.0021141649048625794,0.12368538617871404,0.12678557463859702,0.005400901592891922,0.0032867366880293424,5400901.592891922
DVA,DaVita Inc,Health Care,67.36947831574928,1.0000000000000002,0.0021141649048625794,0.07241409608502858,0.07459805330205124,0.0053189874188192725,0.003204822513956693,5318987.418819273
EIX,Edison International,Utilities,62.64731615572414,0.8000000000000002,0.0021141649048625794,0.079340791698292,0.07831097978608587,0.005276317250625198,0.0031621523457626183,5276317.250625198
FFIV,F5 Inc,Information Technology,65.55857097074488,0.44,0.0021141649048625794,0.09260051397953936,0.09632005045003929,0.0052735573850577625,0.003159392480195183,5273557.385057762
SPGI,S&P Global Inc,Financials,52.75671775095188,1.0000000000000002,0.0021141649048625794,0.09666864651045143,0.10072929272565283,0.005230207720976959,0.00311604281611438,5230207.720976959
CMCSA,Comcast Corp,Communication Services,65.77341208796224,1.0000000000000002,0.0021141649048625794,0.0805149722938255,0.08348852393564045,0.005172808656159389,0.0030586437512968097,5172808.656159389
GS,Goldman Sachs Group Inc/The,Financials,70.1467380313909,0.8000000000000002,0.0021141649048625794,0.12010163772522368,0.12308417499481418,0.005126227171826391,0.003012062266963812,5126227.1718263915
ECL,Ecolab Inc,Materials,73.3972984404586,1.0000000000000002,0.0021141649048625794,0.09849133522491975,0.10075603303199905,0.005105555964844349,0.0029913910599817695,5105555.964844349
GWW,WW Grainger Inc,Industrials,59.976764871083226,0.8000000000000002,0.0021141649048625794,0.09032481800559793,0.09112478954582832,0.0050907626813263916,0.002976597776463812,5090762.681326391
AMT,American Tower Corp,Real Estate,73.34017701995081,0.9200000000000002,0.0021141649048625794,0.06982175723192055,0.06952987482488848,0.005082644211653983,0.002968479306791404,5082644.211653983
ADBE,Adobe Inc,Information Technology,63.2502486268895,1.0000000000000002,0.0021141649048625794,0.10227524370250374,0.10953627383129791,0.005077146810697031,0.0029629819058344512,5077146.81069703
NVDA,NVIDIA Corp,Information Technology,76.97701671185467,1.0000000000000002,0.0021141649048625794,0.14209561000831397,0.14742801274168837,0.005013987323481273,0.0028998224186186938,5013987.323481273
RL,Ralph Lauren Corp,Consumer Discretionary,70.91410185552812,1.0000000000000002,0.0021141649048625794,0.12705450448496963,0.13117534310404752,0.005011733034771926,0.0028975681299093464,5011733.034771926
PGR,Progressive Corp/The,Financials,68.8229891979328,0.6500000000000001,0.0021141649048625794,0.05814549416943201,0.060171441219214125,0.004863844633788313,0.0027496797289257332,4863844.633788313
MTD,Mettler-Toledo International I,Health Care,53.062694560186245,1.0000000000000002,0.0021141649048625794,0.10171134388781841,0.10386479058408911,0.004842981738224245,0.002728816833361666,4842981.738224246
AVGO,Broadcom Inc,Information Technology,61.11165541746038,0.9200000000000002,0.0021141649048625794,0.12126914207540752,0.12441152560790326,0.004840549033471845,0.0027263841286092653,4840549.033471845
IBKR,Interactive Brokers Group Inc,Financials,76.22016438962774,0.6500000000000001,0.0021141649048625794,0.10218583835223631,0.10591585816955283,0.004816847157176947,0.0027026822523143674,4816847.157176947
LVS,Las Vegas Sands Corp,Consumer Discretionary,62.00809367845719,1.0000000000000002,0.0021141649048625794,0.11732065269259566,0.1211938737463944,0.004795916009472835,0.0026817511046102554,4795916.009472835
PRU,Prudential Financial Inc,Financials,67.03125922260797,0.8000000000000002,0.0021141649048625794,0.134307699898716,0.13744183748977262,0.004752305165556055,0.0026381402606934757,4752305.1655560555
AMGN,Amgen Inc,Health Care,74.49479394487332,1.0000000000000002,0.0021141649048625794,0.06086128195238147,0.06242767356359808,0.004705560492423685,0.002591395587561106,4705560.492423685
GILD,Gilead Sciences Inc,Health Care,68.20613344091808,1.0000000000000002,0.0021141649048625794,0.04772191546565041,0.04932656020271392,0.004681912279156155,0.0025677473742935753,4681912.279156155
FIX,Comfort Systems USA Inc,Industrials,61.73116253310578,0.5600000000000002,0.0021141649048625794,0.13141220395846495,0.1310280979125096,0.004641661408072528,0.0025274965032099487,4641661.408072528
AFL,Aflac Inc,Financials,52.71975278468845,0.8000000000000002,0.0021141649048625794,0.09601779385397043,0.09812429333992331,0.004633226362640846,0.0025190614577782666,4633226.362640846
JCI,Johnson Controls International,Industrials,76.82831562651694,1.0000000000000002,0.0021141649048625794,0.10081760766909562,0.10150011553955655,0.004596051174340742,0.0024818862694781624,4596051.174340742
QCOM,QUALCOMM Inc,Information Technology,63.64300311214655,1.0000000000000002,0.0021141649048625794,0.12032055468562246,0.12216867709560571,0.004594411036849771,0.0024802461319871918,4594411.036849771
VRSK,Verisk Analytics Inc,Industrials,77.14360667402988,1.0000000000000002,0.0021141649048625794,0.07235798959744634,0.07570374197292162,0.004487149561556111,0.0023729846566935314,4487149.561556111
INTU,Intuit Inc,Information Technology,53.392897738363736,1.0000000000000002,0.0021141649048625794,0.11296991101715033,0.12002981350093424,0.004468909071193685,0.0023547441663311053,4468909.071193685
PAYX,Paychex Inc,Industrials,76.05572447952193,0.8000000000000002,0.0021141649048625794,0.09672226677785525,0.10018726633550827,0.004411612288364172,0.0022974473835015922,4411612.288364172
LYV,Live Nation Entertainment Inc,Communication Services,62.04084160065423,0.5600000000000002,0.0021141649048625794,0.12482774266025178,0.12912567932203925,0.004403773972888343,0.002289609068025764,4403773.972888343
KHC,Kraft Heinz Co/The,Consumer Staples,61.465855741102665,1.0000000000000002,0.0021141649048625794,0.05964435905433044,0.05981189058553147,0.004366176132473919,0.00225201122761134,4366176.13247392
JNJ,Johnson & Johnson,Health Care,71.9789730616616,1.0000000000000002,0.0021141649048625794,0.043071384582794185,0.04357294626406546,0.00433466941182239,0.0022205045069598104,4334669.41182239
WFC,Wells Fargo & Co,Financials,54.59474331890743,0.7100000000000001,0.0021141649048625794,0.12074393057170305,0.12465600598624021,0.004316206484751903,0.0022020415798893237,4316206.484751903
TYL,Tyler Technologies Inc,Information Technology,47.319073141324125,0.8000000000000002,0.0021141649048625794,0.07895838771181088,0.08449007185667617,0.004281411585033278,0.0021672466801706983,4281411.585033278
PTC,PTC Inc,Information Technology,85.79523883287465,1.0000000000000002,0.0021141649048625794,0.10336292376441424,0.10803278449188161,0.004215908727669266,0.0021017438228066866,4215908.727669266
CBRE,CBRE Group Inc,Real Estate,63.906066814569485,1.0000000000000002,0.0021141649048625794,0.1294355931733367,0.13304794393898636,0.004164038672656227,0.0020498737677936475,4164038.672656227
DE,Deere & Co,Industrials,60.74874394735252,1.0000000000000002,0.0021141649048625794,0.1027267045781233,0.10267639161235999,0.00414286715909549,0.0020287022542329106,4142867.15909549
KLAC,KLA Corp,Information Technology,60.956846827820286,1.0000000000000002,0.0021141649048625794,0.14458667562155314,0.14487050095024753,0.004116886587242788,0.002002721682380209,4116886.5872427886
BXP,BXP Inc,Real Estate,70.98859263883219,1.0000000000000002,0.0021141649048625794,0.11786061905114022,0.11910749543277556,0.004057216089286074,0.0019430511844234946,4057216.089286074
WM,Waste Management Inc,Industrials,47.21937497161693,0.9200000000000002,0.0021141649048625794,0.0571796440367236,0.05796195280351648,0.004036756011097008,0.0019225911062344283,4036756.011097008
MS,Morgan Stanley,Financials,78.13674151494773,0.8000000000000002,0.0021141649048625794,0.1289312099288894,0.13240757826346028,0.004027702545301692,0.0019135376404391126,4027702.545301692
SPG,Simon Property Group Inc,Real Estate,62.58075049527699,1.0000000000000002,0.0021141649048625794,0.13466046942642096,0.13724795379581353,0.003937832803757282,0.0018236678988947023,3937832.8037572815
J,Jacobs Solutions Inc,Industrials,81.8293015070337,1.0000000000000002,0.0021141649048625794,0.09773159470173448,0.09915973407599715,0.003853847214647064,0.0017396823097844847,3853847.214647064
CPT,Camden Property Trust,Real Estate,54.111288462071855,0.5600000000000002,0.0021141649048625794,0.0841841769802261,0.08404363088324496,0.0037707713735008375,0.0016566064686382581,3770771.3735008375
CAH,Cardinal Health Inc,Health Care,65.30886102200444,1.0000000000000002,0.0021141649048625794,0.07021764883171647,0.07227050932901605,0.0037601860495878906,0.0016460211447253113,3760186.0495878905
PFE,Pfizer Inc,Health Care,79.6918688010565,0.7900000000000001,0.0021141649048625794,0.05481276024633546,0.056437996424478575,0.0037061657029518295,0.0015920007980892502,3706165.7029518294
BALL,Ball Corp,Materials,61.006848720867566,1.0000000000000002,0.0021141649048625794,0.07899834597855,0.07938514404141904,0.003702336673704225,0.0015881717688416455,3702336.6737042246
PEP,PepsiCo Inc,Consumer Staples,64.10982724742597,1.0000000000000002,0.0021141649048625794,0.055617482763189625,0.055805221478801126,0.0036515865637733185,0.001537421658910739,3651586.5637733187
PLD,Prologis Inc,Real Estate,84.91110070133837,1.0000000000000002,0.0021141649048625794,0.09885931551317592,0.09870935863692212,0.003599761757672721,0.0014855968528101416,3599761.757672721
ADP,Automatic Data Processing Inc,Industrials,52.42327807000719,0.8000000000000002,0.0021141649048625794,0.09143703404081611,0.09525094009190124,0.0035031094903389057,0.0013889445854763263,3503109.4903389057
IVZ,Invesco Ltd,Financials,72.83353749412971,0.8000000000000002,0.0021141649048625794,0.15633436760641323,0.1584227043873407,0.0034427566017627385,0.0013285916969001592,3442756.6017627385
MLM,Martin Marietta Materials Inc,Materials,67.75375693582998,0.7600000000000001,0.0021141649048625794,0.10871159548526092,0.11042984810105992,0.0034370734558976097,0.0013229085510350303,3437073.4558976097
LLY,Eli Lilly & Co,Health Care,53.83368816227657,0.8000000000000002,0.0021141649048625794,0.05552406334891294,0.05747559639043805,0.0033929973144275574,0.001278832409564978,3392997.3144275574
AME,AMETEK Inc,Industrials,55.00599033872797,0.5600000000000002,0.0021141649048625794,0.10313827595080523,0.10420751731615412,0.0033775570373157614,0.001263392132453182,3377557.037315761
NSC,Norfolk Southern Corp,Industrials,48.81662483613379,0.9200000000000002,0.0021141649048625794,0.10364113728025945,0.10448023095457698,0.0033722390704056813,0.0012580741655431019,3372239.070405681
TFC,Truist Financial Corp,Financials,48.047669203501854,0.8000000000000002,0.0021141649048625794,0.13436540659633708,0.13795388150433072,0.003221660722843778,0.0011074958179811988,3221660.7228437783
AMP,Ameriprise Financial Inc,Financials,68.54924908568529,0.8000000000000002,0.0021141649048625794,0.14818745912127848,0.1523077933888076,0.0032102743676444534,0.001096109462781874,3210274.3676444534
HPE,Hewlett Packard Enterprise Co,Information Technology,52.42178762011535,1.0000000000000002,0.0021141649048625794,0.12205613320185298,0.12562433945116405,0.0032093376447373894,0.00109517273987481,3209337.6447373894
HRL,Hormel Foods Corp,Consumer Staples,67.2505825986058,1.0000000000000002,0.0021141649048625794,0.03409019193495614,0.033562040631920684,0.0031652869435519373,0.001051122038689358,3165286.943551937
AMAT,Applied Materials Inc,Information Technology,62.28204746230232,1.0000000000000002,0.0021141649048625794,0.14739316553497528,0.14734486513499076,0.0031280888992222776,0.0010139239943596982,3128088.8992222776
HSY,Hershey Co/The,Consumer Staples,47.06450531433163,1.0000000000000002,0.0021141649048625794,0.04905345427446134,0.04944686762502238,0.0030952678026396527,0.0009811028977770734,3095267.8026396525
DD,DuPont de Nemours Inc,Industrials,72.44078403231397,1.0000000000000002,0.0021141649048625794,0.11986534507789524,0.12042040542772232,0.0030039263735089695,0.0008897614686463901,3003926.3735089693
ZTS,Zoetis Inc,Health Care,56.27847690588245,0.8000000000000002,0.0021141649048625794,0.08599168828915875,0.08819214368197498,0.002954287829568935,0.0008401229247063558,2954287.829568935
MCO,Moody's Corp,Financials,73.49516141509984,1.0000000000000002,0.0021141649048625794,0.11068474046277904,0.11445074962753304,0.0028965308467537435,0.0007823659418911642,2896530.8467537435
SWKS,Skyworks Solutions Inc,Information Technology,51.930258849278815,0.5600000000000002,0.0021141649048625794,0.1376902484075927,0.1401037474265992,0.002827721981599142,0.0007135570767365625,2827721.981599142
AVY,Avery Dennison Corp,Materials,62.82832369454353,1.0000000000000002,0.0021141649048625794,0.10132714439195876,0.10261489200396129,0.0027503653970518344,0.000636200492189255,2750365.3970518345
SYK,Stryker Corp,Health Care,45.607355185034336,0.9200000000000002,0.0021141649048625794,0.09896756632021123,0.1021403294265272,0.0027427116907317375,0.0006285467858691582,2742711.6907317378
FE,FirstEnergy Corp,Utilities,50.1174378077002,0.8000000000000002,0.0021141649048625794,0.06392403926977602,0.06309555435766392,0.002684460890703034,0.0005702959858404546,2684460.890703034
AAPL,Apple Inc,Information Technology,65.85127631502762,1.0000000000000002,0.0021141649048625794,0.09952388026888288,0.10276154130294399,0.0026549834252692986,0.0005408185204067192,2654983.4252692987
LH,Labcorp Holdings Inc,Health Care,47.32954693780185,1.0000000000000002,0.0021141649048625794,0.08939040313499536,0.09144212215752232,0.002630326916604897,0.0005161620117423178,2630326.916604897
COR,Cencora Inc,Health Care,59.36570627819378,1.0000000000000002,0.0021141649048625794,0.060831957197286,0.063283660144475,0.0025923540525160174,0.00047818914765343805,2592354.0525160176
NDAQ,Nasdaq Inc,Financials,62.283258539079526,1.0000000000000002,0.0021141649048625794,0.08673855535594162,0.08952061282622156,0.0025521606350775617,0.0004379957302149823,2552160.6350775617
FRT,Federal Realty Investment Trus,Real Estate,56.35981058742409,1.0000000000000002,0.0021141649048625794,0.10718387066911475,0.10880883781169577,0.0025201920073960444,0.000406027102533465,2520192.007396044
REG,Regency Centers Corp,Real Estate,62.67580089881559,0.5700000000000002,0.0021141649048625794,0.1051396679741308,0.10660065012778663,0.002514044499105556,0.00039987959424297656,2514044.499105556
ABT,Abbott Laboratories,Health Care,48.74516444218951,0.9200000000000002,0.0021141649048625794,0.06835623239433779,0.07033936082490107,0.002485433331625789,0.0003712684267632095,2485433.331625789
ANET,Arista Networks Inc,Information Technology,46.16216370599873,1.0000000000000002,0.0021141649048625794,0.11251871548640235,0.1165990418190527,0.00242893971882437,0.00031477481396179063,2428939.71882437
LOW,Lowe's Cos Inc,Consumer Discretionary,50.85376272685915,0.9200000000000002,0.0021141649048625794,0.10501385114997533,0.1068771824097798,0.002396141539439074,0.00028197663457649484,2396141.539439074
MMM,3M Co,Industrials,51.48272606585867,1.0000000000000002,0.0021141649048625794,0.08909774929485544,0.09068974815923464,0.0023657832774526184,0.000251618372590039,2365783.2774526183
TMUS,T-Mobile US Inc,Communication Services,57.39792355156271,1.0000000000000002,0.0021141649048625794,0.06347241420727898,0.06582578908016667,0.0023556941403349175,0.00024152923547233812,2355694.1403349177
BAC,Bank of America Corp,Financials,63.77397512378614,0.8000000000000002,0.0021141649048625794,0.12188197749896475,0.12545354698371813,0.0023513378604775818,0.0002371729556150024,2351337.8604775816
USB,US Bancorp,Financials,53.58951262788123,0.8000000000000002,0.0021141649048625794,0.11956219228313084,0.1229121864945504,0.002310125011635472,0.00019596010677289284,2310125.011635472
HCA,HCA Healthcare Inc,Health Care,50.501758544231215,0.35,0.0021141649048625794,0.10212219053900876,0.1053983302612068,0.0022978562417438203,0.00018369133688124093,2297856.2417438203
FICO,Fair Isaac Corp,Information Technology,50.0,0.0,0.0021141649048625794,0.12181517100797196,0.12775575989123944,0.0022501134513797255,0.0001359485465171461,2250113.4513797252
PCAR,PACCAR Inc,Industrials,59.09001075461271,0.5700000000000002,0.0021141649048625794,0.09134079502582121,0.09201311237524673,0.0021496710810726943,3.5506176210114895e-05,2149671.081072694
VTRS,Viatris Inc,Health Care,57.13243486074956,1.0000000000000002,0.0021141649048625794,0.09021803515595957,0.09270919346682942,0.0021417992033087095,2.7634298446130127e-05,2141799.2033087094
WBD,Warner Bros Discovery Inc,Communication Services,55.05925187395386,0.3,0.0021141649048625794,0.1167419839735548,0.12081416535580253,0.0021245884414309874,1.042353656840805e-05,2124588.4414309873
STE,STERIS PLC,Health Care,46.19679158909879,0.42,0.0021141649048625794,0.08342248812262519,0.08507205729981744,0.002118430544488534,4.2656396259544566e-06,2118430.544488534
MSI,Motorola Solutions Inc,Information Technology,59.04232580351351,0.5900000000000002,0.0021141649048625794,0.08245223732062988,0.084219753575205,0.0021103631132660594,-3.8017915965199954e-06,2110363.113266059
CHTR,Charter Communications Inc,Communication Services,51.02009072009072,0.15,0.0021141649048625794,0.08071518121280595,0.08419163357174919,0.002043689864703111,-7.047504015946816e-05,2043689.8647031111
MTB,M&T Bank Corp,Financials,47.23925434900721,0.8000000000000002,0.0021141649048625794,0.11980347898184261,0.12227844516105478,0.002036247531760955,-7.791737310162451e-05,2036247.5317609548
CVNA,Carvana Co,Consumer Discretionary,50.0,0.0,0.0021141649048625794,0.2230660338860069,0.23088825377987535,0.0020295885662793725,-8.457633858320688e-05,2029588.5662793724
VICI,VICI Properties Inc,Real Estate,67.75218262417422,0.5600000000000002,0.0021141649048625794,0.0994193845465211,0.10008628833778663,0.0020245131894904046,-8.965171537217475e-05,2024513.1894904047
PCG,PG&E Corp,Utilities,51.07404658357387,0.9200000000000002,0.0021141649048625794,0.09941952096393902,0.09943628335772997,0.002023499034788076,-9.066587007450352e-05,2023499.0347880758
OMC,Omnicom Group Inc,Communication Services,54.947452983918815,1.0000000000000002,0.0021141649048625794,0.0964526561136807,0.09971850379542471,0.0020120430774553948,-0.00010212182740718459,2012043.0774553947
SLB,SLB Ltd,Energy,68.82422172513905,0.9200000000000002,0.0021141649048625794,0.12952982928697726,0.1267621925570331,0.0019893814205511114,-0.00012478348431146794,1989381.4205511115
SWK,Stanley Black & Decker Inc,Industrials,53.33605445916957,1.0000000000000002,0.0021141649048625794,0.1491973662419353,0.15097197445211813,0.0018776956001699185,-0.00023646930469266086,1877695.6001699185
STT,State Street Corp,Financials,56.879475163879576,0.8000000000000002,0.0021141649048625794,0.127630451353252,0.13124764903131103,0.0018444205904936117,-0.00026974431436896764,1844420.5904936118
WDAY,Workday Inc,Information Technology,51.03808559116185,1.0000000000000002,0.0021141649048625794,0.10523909014947057,0.11368293592774623,0.0017966865465962557,-0.00031747835826632367,1796686.5465962556
TTWO,Take-Two Interactive Software,Communication Services,58.61076923076924,0.29,0.0021141649048625794,0.06459743818116218,0.0676733137166385,0.001756658974832463,-0.00035750593003011644,1756658.9748324628
TRV,Travelers Cos Inc/The,Financials,49.73751268957729,0.8000000000000002,0.0021141649048625794,0.08071625699677798,0.0831329890707179,0.0017430784079635606,-0.00037108649689901875,1743078.4079635607
AXON,Axon Enterprise Inc,Industrials,59.48345620392353,0.21,0.0021141649048625794,0.11191460042257058,0.11642755940345831,0.0017357647412405905,-0.0003784001636219889,1735764.7412405906
ZBRA,Zebra Technologies Corp,Information Technology,54.53262125283868,1.0000000000000002,0.0021141649048625794,0.13549800411361418,0.13818237521374221,0.001724052009520332,-0.00039011289534224736,1724052.009520332
FIS,Fidelity National Information,Financials,49.14203755533113,0.8000000000000002,0.0021141649048625794,0.10021557274177124,0.10525518111022905,0.0017182667216217068,-0.00039589818324087256,1718266.7216217068
TKO,TKO Group Holdings Inc,Communication Services,50.0,0.0,0.0021141649048625794,0.07515367359398924,0.07764461338527212,0.0016978939935158308,-0.00041627091134674855,1697893.9935158307
UHS,Universal Health Services Inc,Health Care,50.0,0.0,0.0021141649048625794,0.1124924018277219,0.11505027952001029,0.001695946032705435,-0.0004182188721571444,1695946.032705435
MRVL,Marvell Technology Inc,Information Technology,59.14121100222791,1.0000000000000002,0.0021141649048625794,0.14754073485476007,0.14904528169834658,0.0016898967756466213,-0.000424268129215958,1689896.7756466214
BAX,Baxter International Inc,Health Care,56.414732320967005,0.8000000000000002,0.0021141649048625794,0.07459857283466398,0.07585068658996555,0.001689425476115313,-0.00042473942874726636,1689425.4761153131
DLTR,Dollar Tree Inc,Consumer Staples,46.47773996149702,0.8000000000000002,0.0021141649048625794,0.07622617613842869,0.07779960019442873,0.001667321259747567,-0.00044684364511501234,1667321.2597475671
VRT,Vertiv Holdings Co,Industrials,50.0,0.0,0.0021141649048625794,0.12710329027491662,0.1286064027631829,0.001638823319483581,-0.0004753415853789983,1638823.319483581
RTX,RTX Corp,Industrials,46.18163098518586,0.8000000000000002,0.0021141649048625794,0.0992563334708507,0.09959417487787015,0.0016274438103786155,-0.0004867210944839639,1627443.8103786155
SYF,Synchrony Financial,Financials,50.92038114508703,0.24,0.0021141649048625794,0.1569614215378099,0.16126860073135707,0.0015756935893910247,-0.0005384713154715547,1575693.5893910248
BKR,Baker Hughes Co,Energy,51.260547763032136,0.8000000000000002,0.0021141649048625794,0.12193160630952786,0.11935833511040664,0.0015412736362903146,-0.0005728912685722648,1541273.6362903146
NOW,ServiceNow Inc,Information Technology,47.150799506170486,1.0000000000000002,0.0021141649048625794,0.11071733723808555,0.11874352780430387,0.0015353205761868217,-0.0005788443286757576,1535320.5761868218
ECHO,EchoStar Corp,Communication Services,50.0,0.0,0.0021141649048625794,0.10405227562021085,0.10453679815560474,0.0015033756823240824,-0.000610789222538497,1503375.6823240824
T,AT&T Inc,Communication Services,52.95516092764033,1.0000000000000002,0.0021141649048625794,0.05942083962600864,0.06027895221065151,0.0015025102762100209,-0.0006116546286525585,1502510.2762100208
YUM,Yum! Brands Inc,Consumer Discretionary,56.56465690956508,1.0000000000000002,0.0021141649048625794,0.07374278901992315,0.07556309934634278,0.0014969494421055102,-0.0006172154627570692,1496949.4421055103
ETN,Eaton Corp PLC,Industrials,63.21936614634035,1.0000000000000002,0.0021141649048625794,0.11685377167122818,0.1175240472065427,0.0014770022366535258,-0.0006371626682090536,1477002.2366535258
NXPI,NXP Semiconductors NV,Information Technology,52.64273594961376,1.0000000000000002,0.0021141649048625794,0.14884868161250306,0.15067911410267823,0.0014501136438879213,-0.000664051260974658,1450113.6438879212
GIS,General Mills Inc,Consumer Staples,53.13767708565096,1.0000000000000002,0.0021141649048625794,0.029495211088945057,0.028912381421360406,0.0014319414270743572,-0.0006822234777882222,1431941.4270743572
FERG,Ferguson Enterprises Inc,Industrials,49.3734809047837,0.8000000000000002,0.0021141649048625794,0.05584028335202311,0.056712696829010936,0.001424654460430659,-0.0006895104444319205,1424654.460430659
FISV,Fiserv Inc,Financials,48.14545237425956,0.8000000000000002,0.0021141649048625794,0.10114574487308367,0.10563286723251314,0.0013836265878028253,-0.0007305383170597541,1383626.5878028253
UNH,UnitedHealth Group Inc,Health Care,48.90568919112776,1.0000000000000002,0.0021141649048625794,0.07382370988369939,0.07761192778413648,0.0013651472376360876,-0.0007490176672264918,1365147.2376360877
LULU,Lululemon Athletica Inc,Consumer Discretionary,58.74845190532639,1.0000000000000002,0.0021141649048625794,0.11309480511790185,0.11885910171453361,0.0013639427238247353,-0.000750222181037844,1363942.7238247353
WTW,Willis Towers Watson PLC,Financials,50.47440493465695,0.8000000000000002,0.0021141649048625794,0.07396346272716177,0.0762051943707761,0.001349789720552526,-0.0007643751843100534,1349789.720552526
FDX,FedEx Corp,Industrials,57.60976891635912,1.0000000000000002,0.0021141649048625794,0.10795622071138176,0.10964623032619875,0.0013143180699477118,-0.0007998468349148676,1314318.0699477117
VMC,Vulcan Materials Co,Materials,53.63247022559095,0.8000000000000002,0.0021141649048625794,0.10008519851599784,0.1018559294032135,0.00129298937336436,-0.0008211755314982193,1292989.37336436
STZ,Constellation Brands Inc,Consumer Staples,46.65546436564043,0.8000000000000002,0.0021141649048625794,0.07825674047860388,0.07880363028767462,0.001288830502870636,-0.0008253344019919435,1288830.5028706358
ACGL,Arch Capital Group Ltd,Financials,53.004436231495056,0.24,0.0021141649048625794,0.09576718708835805,0.09847013736839917,0.0012462713026114608,-0.0008678936022511186,1246271.302611461
FITB,Fifth Third Bancorp,Financials,48.43119484735863,0.8000000000000002,0.0021141649048625794,0.14681284462441155,0.1505197641477831,0.0012048447875387233,-0.0009093201173238561,1204844.7875387233
FTNT,Fortinet Inc,Information Technology,55.11816683315148,1.0000000000000002,0.0021141649048625794,0.10398831320285616,0.10904154179078158,0.001155940288375945,-0.0009582246164866345,1155940.2883759448
TTD,Trade Desk Inc/The,Communication Services,50.0,0.0,0.0021141649048625794,0.15898013877385342,0.16681079957389203,0.0010549189056496132,-0.0010592459992129662,1054918.9056496131
ADI,Analog Devices Inc,Information Technology,68.25153462211593,1.0000000000000002,0.0021141649048625794,0.12407961905265157,0.12500222685785048,0.0010308537989068677,-0.0010833111059557116,1030853.7989068677
TER,Teradyne Inc,Information Technology,52.38123629070428,1.0000000000000002,0.0021141649048625794,0.14329441465446127,0.14163588843635672,0.0010169240122757772,-0.0010972408925868022,1016924.0122757772
JBHT,JB Hunt Transport Services Inc,Industrials,50.3087981915538,0.8000000000000002,0.0021141649048625794,0.09565845554620069,0.09606743948082211,0.0010088489002842592,-0.0011053160045783202,1008848.9002842591
TMO,Thermo Fisher Scientific Inc,Health Care,55.41979917752285,1.0000000000000002,0.0021141649048625794,0.07823384372819632,0.08010988818006817,0.0009982670738795877,-0.0011158978309829916,998267.0738795877
CINF,Cincinnati Financial Corp,Financials,47.99830205754765,0.5600000000000002,0.0021141649048625794,0.09899188122034616,0.10163904465774098,0.0009900579937578292,-0.0011241069111047502,990057.9937578292
RF,Regions Financial Corp,Financials,49.28250693292529,0.8000000000000002,0.0021141649048625794,0.14145673673507606,0.14490264279992593,0.0009467651612812957,-0.0011673997435812837,946765.1612812957
VST,Vistra Corp,Utilities,49.87192602740379,1.0000000000000002,0.0021141649048625794,0.1013328051023904,0.1012529245237168,0.0009201743831915628,-0.0011939905216710165,920174.3831915628
SYY,Sysco Corp,Consumer Staples,56.50868114724357,0.9200000000000002,0.0021141649048625794,0.10203607669144167,0.10381256276364445,0.0009104700805274375,-0.0012036948243351418,910470.0805274375
PANW,Palo Alto Networks Inc,Information Technology,51.60785319713085,1.0000000000000002,0.0021141649048625794,0.08987851988358239,0.09411169487846797,0.0009037272470687578,-0.0012104376577938216,903727.2470687578
GL,Globe Life Inc,Financials,57.4971136579328,0.8000000000000002,0.0021141649048625794,0.10249485078536792,0.1045587032372651,0.0008978393930911826,-0.0012163255117713968,897839.3930911827
EL,Estee Lauder Cos Inc/The,Consumer Staples,54.471512410633714,1.0000000000000002,0.0021141649048625794,0.11294955328693794,0.11584585198934463,0.0008925950839197295,-0.0012215698209428498,892595.0839197295
AOS,A O Smith Corp,Industrials,47.47736669311158,0.5600000000000002,0.0021141649048625794,0.08833357309807728,0.0888828890184965,0.0008411716690288023,-0.001272993235833777,841171.6690288023
CMG,Chipotle Mexican Grill Inc,Consumer Discretionary,47.81644141701331,1.0000000000000002,0.0021141649048625794,0.0868003393800067,0.09036097003587096,0.0008341420842549641,-0.0012800228206076153,834142.084254964
ESS,Essex Property Trust Inc,Real Estate,57.45988335951993,0.7600000000000001,0.0021141649048625794,0.08942431655920961,0.08984935773859022,0.0007121239139394995,-0.00140204099092308,712123.9139394995
CRL,Charles River Laboratories Int,Health Care,49.048776796982935,1.0000000000000002,0.0021141649048625794,0.12281812653933824,0.12621144732755657,0.0007083327681168927,-0.0014058321367456867,708332.7681168927
KEYS,Keysight Technologies Inc,Information Technology,48.8572959645643,1.0000000000000002,0.0021141649048625794,0.10651537126518161,0.10733589040996104,0.0006708761347073278,-0.0014432887701552517,670876.1347073278
SBUX,Starbucks Corp,Consumer Discretionary,58.08516318761984,1.0000000000000002,0.0021141649048625794,0.1011318853796975,0.10382427523671955,0.0006471289943248645,-0.0014670359105377149,647128.9943248645
PFG,Principal Financial Group Inc,Financials,49.99417044206704,0.9200000000000002,0.0021141649048625794,0.13378810288520693,0.13690093799446088,0.000636023042875434,-0.0014781418619871454,636023.042875434
ON,ON Semiconductor Corp,Information Technology,47.87633079264891,1.0000000000000002,0.0021141649048625794,0.1774536639010439,0.17831290512361295,0.000631541575104441,-0.0014826233297581385,631541.5751044409
CNP,CenterPoint Energy Inc,Utilities,63.5622200472009,0.8000000000000002,0.0021141649048625794,0.08320918991057696,0.0816972735574746,0.0006276331539816705,-0.0014865317508809088,627633.1539816705
EXC,Exelon Corp,Utilities,46.18797112899876,0.45,0.0021141649048625794,0.07333108790498423,0.07257130856995739,0.0006076159638641944,-0.001506548940998385,607615.9638641945
CMI,Cummins Inc,Industrials,54.82294920278505,1.0000000000000002,0.0021141649048625794,0.10114230375925584,0.10046602434888834,0.0005790792871955471,-0.0015350856176670324,579079.2871955471
PNC,PNC Financial Services Group I,Financials,54.93581494858349,0.8000000000000002,0.0021141649048625794,0.12120777348153329,0.12402041536347873,0.0005719723411541495,-0.0015421925637084297,571972.3411541495
GRMN,Garmin Ltd,Consumer Discretionary,51.92,0.09,0.0021141649048625794,0.09432374143803132,0.09559313594043198,0.000564883480141573,-0.0015492814247210064,564883.480141573
VMRK,Vivmark Residential,Real Estate,56.78082462074344,0.9200000000000002,0.0021141649048625794,0.0871894290690656,0.08759938336600967,0.0005556625426677644,-0.001558502362194815,555662.5426677644
UNP,Union Pacific Corp,Industrials,46.90498168248128,1.0000000000000002,0.0021141649048625794,0.09235806248463801,0.09310884598367944,0.0005332454595943315,-0.001580919445268248,533245.4595943314
GNRC,Generac Holdings Inc,Industrials,51.49745979404064,0.5600000000000002,0.0021141649048625794,0.13609165348353006,0.13535471625708217,0.0005322753317927169,-0.0015818895730698623,532275.3317927169
CBOE,Cboe Global Markets Inc,Financials,57.56920893108993,0.8000000000000002,0.0021141649048625794,0.04687910721600414,0.04819043111343409,0.0005194069949784256,-0.0015947579098841537,519406.9949784256
TECH,Bio-Techne Corp,Health Care,48.45470401315693,0.7600000000000001,0.0021141649048625794,0.09570543493372957,0.09693366422064026,0.0004579688617481893,-0.00165619604311439,457968.8617481893
MKC,McCormick & Co Inc/MD,Consumer Staples,55.88663670994593,1.0000000000000002,0.0021141649048625794,0.05117930590483514,0.05104520834437909,0.00044391007703401935,-0.00167025482782856,443910.07703401934
GM,General Motors Co,Consumer Discretionary,51.34569276532771,0.9200000000000002,0.0021141649048625794,0.1306744021706515,0.13340303183579694,0.00044274032088355823,-0.001671424583979021,442740.32088355825
TJX,TJX Cos Inc/The,Consumer Discretionary,50.295246775776576,0.8000000000000002,0.0021141649048625794,0.0926195711699871,0.09579892063594402,0.00041646302586293235,-0.001697701878999647,416463.0258629323
DPZ,Domino's Pizza Inc,Consumer Discretionary,49.98339101893088,1.0000000000000002,0.0021141649048625794,0.05356440746238566,0.05558909772646025,0.0003813021862628975,-0.0017328627185996819,381302.1862628975
COHR,Coherent Corp,Information Technology,48.23023067582941,0.6500000000000001,0.0021141649048625794,0.14828201703888422,0.1469754928472631,0.00037360810223366467,-0.0017405568026289146,373608.10223366466
RSG,Republic Services Inc,Industrials,54.93235951212368,0.9200000000000002,0.0021141649048625794,0.06060160962157079,0.06175104426032968,0.0003592928920688754,-0.001754872012793704,359292.89206887543
KDP,Keurig Dr Pepper Inc,Consumer Staples,50.39159277743096,1.0000000000000002,0.0021141649048625794,0.05051791823045636,0.0512658395907548,0.00035775327400743126,-0.001756411630855148,357753.2740074313
TPL,Texas Pacific Land Corp,Energy,53.24832667268971,0.5600000000000002,0.0021141649048625794,0.11914771815968879,0.11558560174680842,0.0003399104681093995,-0.00177425443675318,339910.4681093995
MDT,Medtronic PLC,Health Care,48.65685579427116,1.0000000000000002,0.0021141649048625794,0.07938912580064504,0.08104680836315445,0.0002877358320979677,-0.0018264290727646117,287735.8320979677
LHX,L3Harris Technologies Inc,Industrials,57.26795088067436,0.8000000000000002,0.0021141649048625794,0.0682861857859636,0.06682075986500909,0.0002700467461178554,-0.001844118158744724,270046.7461178554
LMT,Lockheed Martin Corp,Industrials,54.30280993028422,0.8000000000000002,0.0021141649048625794,0.057199886200862395,0.05553203064955591,0.0002562974381841776,-0.0018578674666784017,256297.4381841776
NEE,NextEra Energy Inc,Utilities,58.0357520007107,0.8000000000000002,0.0021141649048625794,0.06871383387441204,0.06672693531064347,0.0002498215694221999,-0.0018643433354403795,249821.5694221999
ALGN,Align Technology Inc,Health Care,50.0,0.0,0.0021141649048625794,0.15265590683183178,0.15548101689823077,0.00015878394533927164,-0.0019553809595233076,158783.94533927165
DHR,Danaher Corp,Health Care,48.77264723231233,0.8500000000000001,0.0021141649048625794,0.08127577246038555,0.08299833891288724,0.00013864284819830274,-0.0019755220566642765,138642.84819830273
ODFL,Old Dominion Freight Line Inc,Industrials,51.63167766458026,0.8000000000000002,0.0021141649048625794,0.10723546654533167,0.10807382005064467,9.902208118984105e-05,-0.0020151428236727382,99022.08118984105
UPS,United Parcel Service Inc,Industrials,52.622233296657456,0.8000000000000002,0.0021141649048625794,0.08374717059236275,0.08434807232431867,8.259227105483572e-05,-0.002031572633807744,82592.27105483571
TSLA,Tesla Inc,Consumer Discretionary,22.931785026430475,0.9200000000000002,0.0021141649048625794,0.13796408201165744,0.1385193113994843,2.5241692006531855e-18,-0.0021141649048625768,2.5241692006531854e-09
FCX,Freeport-McMoRan Inc,Materials,26.98124757845611,0.9200000000000002,0.0021141649048625794,0.15789770652110197,0.1553244634319707,1.817334524693757e-18,-0.0021141649048625776,1.8173345246937568e-09
KKR,KKR & Co Inc,Financials,41.38213821514067,0.8000000000000002,0.0021141649048625794,0.14453815471788226,0.1476028198710124,1.5249085509095267e-18,-0.0021141649048625776,1.5249085509095267e-09
NUE,Nucor Corp,Materials,44.82807893338084,0.8000000000000002,0.0021141649048625794,0.12146641561092861,0.1201873917466449,1.5167858200554917e-18,-0.002114164904862578,1.5167858200554917e-09
LITE,Lumentum Holdings Inc,Information Technology,30.58509273307107,1.0000000000000002,0.0021141649048625794,0.13126799150003757,0.12905025850086613,1.3307273313859624e-18,-0.002114164904862578,1.3307273313859623e-09
AZO,AutoZone Inc,Consumer Discretionary,40.92152312233074,0.5600000000000002,0.0021141649048625794,0.065138273036811,0.06588271778675275,1.284655596354725e-18,-0.002114164904862578,1.2846555963547249e-09
A,Agilent Technologies Inc,Health Care,53.49169708037925,1.0000000000000002,0.0021141649048625794,0.09588797392506801,0.09709000296816507,1.0129613563786977e-18,-0.0021141649048625785,1.0129613563786976e-09
FSLR,First Solar Inc,Information Technology,31.922727260817755,1.0000000000000002,0.0021141649048625794,0.10162848246222816,0.09790585254142585,9.626385762447655e-19,-0.0021141649048625785,9.626385762447654e-10
ARES,Ares Management Corp,Financials,27.897681127738608,0.8000000000000002,0.0021141649048625794,0.1292831774644952,0.13087122987914057,9.397819215587002e-19,-0.0021141649048625785,9.397819215587002e-10
APO,Apollo Global Management Inc,Financials,55.29045321722357,0.8000000000000002,0.0021141649048625794,0.14043702136354633,0.14209323031772975,8.346164035666743e-19,-0.0021141649048625785,8.346164035666743e-10
AEP,American Electric Power Co Inc,Utilities,47.16710814300697,0.8000000000000002,0.0021141649048625794,0.04917152466815498,0.04666064968433801,8.260666352653379e-19,-0.0021141649048625785,8.260666352653379e-10
CF,CF Industries Holdings Inc,Materials,26.96570149496796,0.8000000000000002,0.0021141649048625794,0.09413589553827734,0.0917709882124621,8.218722883229414e-19,-0.0021141649048625785,8.218722883229414e-10
CDNS,Cadence Design Systems Inc,Information Technology,56.142741936847656,0.9200000000000002,0.0021141649048625794,0.10922832560042184,0.11293159539989642,8.173364502323568e-19,-0.0021141649048625785,8.173364502323568e-10
HLT,Hilton Worldwide Holdings Inc,Consumer Discretionary,51.78400868531585,1.0000000000000002,0.0021141649048625794,0.10352970432657978,0.10647596183758772,7.449246390208085e-19,-0.0021141649048625785,7.449246390208085e-10
PHM,PulteGroup Inc,Consumer Discretionary,44.37192180544466,0.8000000000000002,0.0021141649048625794,0.12710445531571063,0.1261348345676324,6.808545374949012e-19,-0.0021141649048625785,6.808545374949012e-10
MU,Micron Technology Inc,Information Technology,34.359750177513945,0.8000000000000002,0.0021141649048625794,0.14406432041970538,0.14237211810661338,6.786348051194652e-19,-0.0021141649048625785,6.786348051194652e-10
CL,Colgate-Palmolive Co,Consumer Staples,50.94998037502318,1.0000000000000002,0.0021141649048625794,0.04463320390999854,0.045134958886343744,6.73062916513308e-19,-0.0021141649048625785,6.73062916513308e-10
ATO,Atmos Energy Corp,Utilities,53.01017199017199,0.15,0.0021141649048625794,0.05897265352874584,0.057087778781666036,6.544906370116111e-19,-0.0021141649048625785,6.544906370116111e-10
SCHW,Charles Schwab Corp/The,Financials,36.16962670248179,0.5,0.0021141649048625794,0.10803870242234909,0.11125276598302139,5.94760495705898e-19,-0.002114164904862579,5.94760495705898e-10
SNA,Snap-on Inc,Industrials,56.88031541452248,0.5600000000000002,0.0021141649048625794,0.1014796631770776,0.10153626554881003,5.935836741481066e-19,-0.002114164904862579,5.935836741481066e-10
WMB,Williams Cos Inc/The,Energy,29.14281361111008,0.8000000000000002,0.0021141649048625794,0.09265470179907118,0.09106298353241449,5.929086947682633e-19,-0.002114164904862579,5.929086947682633e-10
IEX,IDEX Corp,Industrials,32.76976487280162,0.5600000000000002,0.0021141649048625794,0.09245503891651002,0.0929199970070744,5.894146838608393e-19,-0.002114164904862579,5.894146838608393e-10
DXCM,Dexcom Inc,Health Care,19.04217819016804,0.9200000000000002,0.0021141649048625794,0.09570531975604735,0.09789749019652669,5.77913564623902e-19,-0.002114164904862579,5.77913564623902e-10
ERIE,Erie Indemnity Co,Financials,50.0,0.0,0.0021141649048625794,0.062014060387765746,0.06327364065169916,5.731754740751983e-19,-0.002114164904862579,5.731754740751983e-10
WAT,Waters Corp,Health Care,42.954434109549695,1.0000000000000002,0.0021141649048625794,0.09465371442825389,0.09515006709149686,5.696020538289692e-19,-0.002114164904862579,5.696020538289692e-10
IFF,International Flavors & Fragra,Materials,39.98603957911589,1.0000000000000002,0.0021141649048625794,0.09224652210048899,0.09218013670064287,5.593884480138206e-19,-0.002114164904862579,5.593884480138206e-10
HWM,Howmet Aerospace Inc,Industrials,41.85740430729301,0.8000000000000002,0.0021141649048625794,0.1333018351996558,0.13349225747991592,5.557903049415386e-19,-0.002114164904862579,5.557903049415386e-10
BEN,Franklin Templeton Inc,Financials,44.460332406140175,0.8000000000000002,0.0021141649048625794,0.12096880626257073,0.1218768799376107,5.540113536435697e-19,-0.002114164904862579,5.540113536435698e-10
BRK-B,Berkshire Hathaway Inc,Financials,50.0,0.0,0.0021141649048625794,0.0782735626163485,0.08017583929985682,5.527926601474076e-19,-0.002114164904862579,5.527926601474076e-10
CPRT,Copart Inc,Industrials,35.415693602149744,0.5600000000000002,0.0021141649048625794,0.09602788219098356,0.09958595870099402,5.511526174465865e-19,-0.002114164904862579,5.511526174465865e-10
XEL,Xcel Energy Inc,Utilities,36.43833856817932,0.8000000000000002,0.0021141649048625794,0.0552167134783592,0.05332753430105102,5.323734422391286e-19,-0.002114164904862579,5.323734422391286e-10
ED,Consolidated Edison Inc,Utilities,31.82843528894292,0.8000000000000002,0.0021141649048625794,0.04191516898375231,0.039622890560717425,5.083642187204434e-19,-0.002114164904862579,5.083642187204435e-10
DIS,Walt Disney Co/The,Communication Services,42.72890296325929,1.0000000000000002,0.0021141649048625794,0.10247751296792584,0.10571939203004949,4.9612086202017455e-19,-0.002114164904862579,4.961208620201746e-10
DOC,Healthpeak Properties Inc,Real Estate,33.20152077687083,0.9200000000000002,0.0021141649048625794,0.09880293149205986,0.09836416663570212,4.947852217847729e-19,-0.002114164904862579,4.94785221784773e-10
APH,Amphenol Corp,Information Technology,31.62987275096592,0.8000000000000002,0.0021141649048625794,0.10619933634604276,0.10698835345350298,4.925043988921041e-19,-0.002114164904862579,4.925043988921041e-10
ARE,Alexandria Real Estate Equitie,Real Estate,31.74522623246717,0.8000000000000002,0.0021141649048625794,0.09761927827329697,0.09722350055517331,4.920842206309158e-19,-0.002114164904862579,4.920842206309158e-10
MPWR,Monolithic Power Systems Inc,Information Technology,38.030029700468106,0.5600000000000002,0.0021141649048625794,0.1595708580328807,0.1598995471774202,4.876902372170341e-19,-0.002114164904862579,4.876902372170341e-10
BRO,Brown & Brown Inc,Financials,50.0,0.0,0.0021141649048625794,0.07921893723119466,0.08164175510507783,4.792644251594842e-19,-0.002114164904862579,4.792644251594843e-10
SJM,J M Smucker Co/The,Consumer Staples,43.90727317421041,0.9200000000000002,0.0021141649048625794,0.032043361768951416,0.03120829187319329,4.689147413352207e-19,-0.002114164904862579,4.689147413352207e-10
WMT,Walmart Inc,Consumer Staples,44.73291003460604,1.0000000000000002,0.0021141649048625794,0.04295890840338126,0.042650619523263954,4.587863215264652e-19,-0.002114164904862579,4.5878632152646516e-10
CCI,Crown Castle Inc,Real Estate,39.85835299007688,0.8000000000000002,0.0021141649048625794,0.07016272849938852,0.0694733835326397,4.20284943461313e-19,-0.002114164904862579,4.2028494346131303e-10
CLX,Clorox Co/The,Consumer Staples,45.17322720062181,1.0000000000000002,0.0021141649048625794,0.02956374619382378,0.028444466662855297,3.883672020072571e-19,-0.002114164904862579,3.8836720200725706e-10
JKHY,Jack Henry & Associates Inc,Financials,29.21254630901861,0.7700000000000001,0.0021141649048625794,0.0649981878356151,0.06681212507067175,3.825258028594924e-19,-0.002114164904862579,3.825258028594924e-10
ISRG,Intuitive Surgical Inc,Health Care,54.105658579865846,0.8000000000000002,0.0021141649048625794,0.11441198547369114,0.11757824968798246,3.730099170926824e-19,-0.002114164904862579,3.730099170926824e-10
BR,Broadridge Financial Solutions,Industrials,52.40842109258682,1.0000000000000002,0.0021141649048625794,0.07900327838603519,0.08178878976045686,3.6950375492994163e-19,-0.002114164904862579,3.695037549299416e-10
NDSN,Nordson Corp,Industrials,41.97826074123991,0.5600000000000002,0.0021141649048625794,0.11246376645296818,0.11316373258228526,3.654274088712803e-19,-0.002114164904862579,3.654274088712803e-10
TXT,Textron Inc,Industrials,40.72502055299076,0.8000000000000002,0.0021141649048625794,0.13254319588054306,0.1318872235940045,3.642682146334609e-19,-0.002114164904862579,3.642682146334609e-10
LDOS,Leidos Holdings Inc,Industrials,40.97795555647275,0.8000000000000002,0.0021141649048625794,0.07823811352855423,0.07839931051506903,3.6231720976808093e-19,-0.002114164904862579,3.623172097680809e-10
LII,Lennox International Inc,Industrials,40.65394132471079,0.62,0.0021141649048625794,0.09657068731159685,0.09688035721637474,3.559115231044703e-19,-0.002114164904862579,3.5591152310447027e-10
EXR,Extra Space Storage Inc,Real Estate,38.60443516084769,0.5600000000000002,0.0021141649048625794,0.07230690436146209,0.07038745021917318,3.494287095673818e-19,-0.002114164904862579,3.494287095673818e-10
ORCL,Oracle Corp,Information Technology,27.466924752979427,0.8000000000000002,0.0021141649048625794,0.08698963156178426,0.0887367706839278,3.398046622168377e-19,-0.002114164904862579,3.398046622168377e-10
INCY,Incyte Corp,Health Care,40.14325505793384,0.8000000000000002,0.0021141649048625794,0.06230473661727068,0.06275891937671395,3.0621015766607134e-19,-0.002114164904862579,3.0621015766607134e-10
RJF,Raymond James Financial Inc,Financials,43.76182557280119,0.35,0.0021141649048625794,0.12051240992243625,0.12286558913397883,2.967118610252752e-19,-0.002114164904862579,2.967118610252752e-10
NCLH,Norwegian Cruise Line Holdings,Consumer Discretionary,46.69898992635078,0.8000000000000002,0.0021141649048625794,0.2061592190748739,0.20906891908753086,2.8417737487010904e-19,-0.002114164904862579,2.8417737487010905e-10
APD,Air Products and Chemicals Inc,Materials,37.12516763136649,0.8000000000000002,0.0021141649048625794,0.08656385896908954,0.08598077007133159,2.7538094777741393e-19,-0.002114164904862579,2.753809477774139e-10
CHRW,CH Robinson Worldwide Inc,Industrials,42.53515704331728,0.8000000000000002,0.0021141649048625794,0.06529064369792358,0.06520586828467485,2.720684962160954e-19,-0.002114164904862579,2.720684962160954e-10
AKAM,Akamai Technologies Inc,Information Technology,22.437537432858907,0.9200000000000002,0.0021141649048625794,0.07010239851992443,0.06958103097748479,2.69831799839752e-19,-0.002114164904862579,2.69831799839752e-10
PKG,Packaging Corp of America,Materials,42.396229288355904,0.8000000000000002,0.0021141649048625794,0.09195700112588692,0.09118010399310439,2.6101736323238694e-19,-0.002114164904862579,2.6101736323238694e-10
MOS,Mosaic Co/The,Materials,48.56468904164963,0.7100000000000001,0.0021141649048625794,0.12661840609500907,0.1240956826688491,2.569013125043231e-19,-0.002114164904862579,2.5690131250432307e-10
ICE,Intercontinental Exchange Inc,Financials,31.84271384202052,0.8000000000000002,0.0021141649048625794,0.07247522939510856,0.07486429275498806,2.552734210588187e-19,-0.002114164904862579,2.552734210588187e-10
BLDR,Builders FirstSource Inc,Industrials,33.35219486705788,0.5600000000000002,0.0021141649048625794,0.16505496897694932,0.16398881519845074,2.28868732271642e-19,-0.002114164904862579,2.28868732271642e-10
DOV,Dover Corp,Industrials,39.39339709518514,0.9200000000000002,0.0021141649048625794,0.11280463966315885,0.11311729770235474,2.2168327074426537e-19,-0.002114164904862579,2.2168327074426536e-10
DG,Dollar General Corp,Consumer Staples,50.0,0.0,0.0021141649048625794,0.04903729613142541,0.049402214845048885,2.1701135464456587e-19,-0.002114164904862579,2.1701135464456586e-10
CB,Chubb Ltd,Financials,40.72357632467661,0.8000000000000002,0.0021141649048625794,0.07825390304120605,0.08047210470724642,2.0902963246017013e-19,-0.0021141649048625794,2.0902963246017013e-10
BA,Boeing Co/The,Industrials,39.12629124532959,0.8000000000000002,0.0021141649048625794,0.14543549284718033,0.14534940550806782,1.9947512565844168e-19,-0.0021141649048625794,1.9947512565844168e-10
GPN,Global Payments Inc,Financials,38.77463049503335,0.8000000000000002,0.0021141649048625794,0.12932288661027508,0.1340194799793692,1.9737077818010678e-19,-0.0021141649048625794,1.9737077818010677e-10
AMZN,Amazon.com Inc,Consumer Discretionary,24.27147274724079,0.9200000000000002,0.0021141649048625794,0.09000879729277862,0.09323099903875681,1.87170407254759e-19,-0.0021141649048625794,1.87170407254759e-10
UAL,United Airlines Holdings Inc,Industrials,44.259287157158255,0.9200000000000002,0.0021141649048625794,0.17108687900087266,0.17274023864124552,1.761706803171251e-19,-0.0021141649048625794,1.761706803171251e-10
ROL,Rollins Inc,Industrials,50.0,0.0,0.0021141649048625794,0.06129519018751222,0.062044018769141375,1.7201272932168117e-19,-0.0021141649048625794,1.7201272932168116e-10
COO,Cooper Cos Inc/The,Health Care,59.100346931214304,0.5600000000000002,0.0021141649048625794,0.09114507119639878,0.09297858255919784,1.6675847807074433e-19,-0.0021141649048625794,1.6675847807074433e-10
DAL,Delta Air Lines Inc,Industrials,47.10887633166424,0.9200000000000002,0.0021141649048625794,0.14655928840806504,0.14829814237760047,1.543298329132636e-19,-0.0021141649048625794,1.543298329132636e-10
RMD,ResMed Inc,Health Care,42.397185029355214,0.9200000000000002,0.0021141649048625794,0.08339024259987901,0.08365052797371098,1.454106008219758e-19,-0.0021141649048625794,1.454106008219758e-10
VRSN,VeriSign Inc,Information Technology,50.0,0.0,0.0021141649048625794,0.07898733033802728,0.08188533256953613,1.4269744841280187e-19,-0.0021141649048625794,1.4269744841280186e-10
VZ,Verizon Communications Inc,Communication Services,52.28954662436491,1.0000000000000002,0.0021141649048625794,0.03863982323548608,0.03869102009285536,1.3664158545566605e-19,-0.0021141649048625794,1.3664158545566605e-10
AON,Aon PLC,Financials,32.63594450934951,0.9200000000000002,0.0021141649048625794,0.07050592212143818,0.07289028892159842,1.3648077931750952e-19,-0.0021141649048625794,1.3648077931750952e-10
IDXX,IDEXX Laboratories Inc,Health Care,41.62010952488467,0.5600000000000002,0.0021141649048625794,0.09636341249384174,0.09863581788264798,1.2962029365507955e-19,-0.0021141649048625794,1.2962029365507956e-10
COP,ConocoPhillips,Energy,58.8919395614661,0.5900000000000002,0.0021141649048625794,0.11356652668786318,0.11042227714563344,1.1691479944626502e-19,-0.0021141649048625794,1.1691479944626502e-10
AEE,Ameren Corp,Utilities,56.50146144371143,0.8000000000000002,0.0021141649048625794,0.059493073644713824,0.05741464624657302,1.092782680311756e-19,-0.0021141649048625794,1.0927826803117561e-10
BG,Bunge Global SA,Consumer Staples,58.72844695329388,0.9200000000000002,0.0021141649048625794,0.0785120456347175,0.07679564194434595,1.0579857564803641e-19,-0.0021141649048625794,1.0579857564803641e-10
FANG,Diamondback Energy Inc,Energy,35.18028924923654,0.8000000000000002,0.0021141649048625794,0.1325642138311806,0.12793651261384686,1.0027854296659852e-19,-0.0021141649048625794,1.0027854296659852e-10
CPAY,Corpay Inc,Financials,50.0,0.0,0.0021141649048625794,0.11915352211180018,0.12233635972194112,9.711648793867983e-20,-0.0021141649048625794,9.711648793867983e-11
ROP,Roper Technologies Inc,Information Technology,53.66506071024759,0.7700000000000001,0.0021141649048625794,0.08308934482502374,0.08630810229386994,9.399197031119551e-20,-0.0021141649048625794,9.399197031119551e-11
META,Meta Platforms Inc,Communication Services,34.27332637327791,1.0000000000000002,0.0021141649048625794,0.10428662491266268,0.10855682201535267,8.990347299721743e-20,-0.0021141649048625794,8.990347299721743e-11
APA,APA Corp,Energy,51.44679149158486,0.5600000000000002,0.0021141649048625794,0.16183034962735834,0.15625300640947837,7.408669605071946e-20,-0.0021141649048625794,7.408669605071945e-11
AJG,Arthur J Gallagher & Co,Financials,32.331347467722566,0.8000000000000002,0.0021141649048625794,0.07657243781488084,0.07899471877422323,5.379760998601879e-20,-0.0021141649048625794,5.3797609986018794e-11
TRGP,Targa Resources Corp,Energy,31.14273814407837,0.8000000000000002,0.0021141649048625794,0.14322315053448442,0.14156104855432272,4.9934105798655124e-20,-0.0021141649048625794,4.993410579865512e-11
ES,Eversource Energy,Utilities,46.57859409054636,0.9200000000000002,0.0021141649048625794,0.06318199076385915,0.06129059713094523,4.8742965716578764e-20,-0.0021141649048625794,4.874296571657876e-11
XYL,Xylem Inc/NY,Industrials,44.62717153683718,1.0000000000000002,0.0021141649048625794,0.10739780357139848,0.10827836344043588,4.1186977060240354e-20,-0.0021141649048625794,4.1186977060240354e-11
OKE,ONEOK Inc,,48.54756302271407,0.8000000000000002,0.0021141649048625794,0.1306700072429026,0.12968045668729844,3.067734113842064e-20,-0.0021141649048625794,3.067734113842064e-11
DRI,Darden Restaurants Inc,Consumer Discretionary,41.32875770960063,0.6500000000000001,0.0021141649048625794,0.12298821661242122,0.12652269226147245,2.784507472103907e-20,-0.0021141649048625794,2.7845074721039074e-11
TROW,T Rowe Price Group Inc,Financials,36.356697957013786,0.8000000000000002,0.0021141649048625794,0.12314720372778236,0.12464416028133679,2.5148886312772418e-20,-0.0021141649048625794,2.5148886312772417e-11
TAP,Molson Coors Beverage Co,Consumer Staples,55.82454915910322,1.0000000000000002,0.0021141649048625794,0.07331358450738452,0.07304760681844975,2.449556396694034e-20,-0.0021141649048625794,2.4495563966940342e-11
CFG,Citizens Financial Group Inc,Financials,45.958050159665405,0.8000000000000002,0.0021141649048625794,0.15031651752909664,0.1541979473810968,1.5589566765453415e-20,-0.0021141649048625794,1.5589566765453416e-11
ORLY,O'Reilly Automotive Inc,Consumer Discretionary,44.46664228191929,0.8000000000000002,0.0021141649048625794,0.06724472370877602,0.06808317845876426,0.0,-0.0021141649048625794,0.0
O,Realty Income Corp,Real Estate,44.8881667686361,0.8000000000000002,0.0021141649048625794,0.08412716586654437,0.08436460667185537,0.0,-0.0021141649048625794,0.0
HII,Huntington Ingalls Industries,Industrials,56.23845367691042,0.5600000000000002,0.0021141649048625794,0.07948684691793771,0.07770429112660922,0.0,-0.0021141649048625794,0.0
HUBB,Hubbell Inc,Industrials,45.55856816888092,0.6500000000000001,0.0021141649048625794,0.10901971368629049,0.10939328360790804,0.0,-0.0021141649048625794,0.0
NEM,Newmont Corp,Materials,53.050070399489606,0.9200000000000002,0.0021141649048625794,0.04530943302882009,0.04138710734979592,0.0,-0.0021141649048625794,0.0
NI,NiSource Inc,Utilities,54.547172417992456,0.8000000000000002,0.0021141649048625794,0.06799333204840391,0.06615980772241695,0.0,-0.0021141649048625794,0.0
NOC,Northrop Grumman Corp,Industrials,46.64813421688869,0.8000000000000002,0.0021141649048625794,0.05409202352381187,0.05209652114832732,0.0,-0.0021141649048625794,0.0
HBAN,Huntington Bancshares Inc/OH,Financials,34.60622200122603,0.8000000000000002,0.0021141649048625794,0.12920343250662825,0.13176229889133445,0.0,-0.0021141649048625794,0.0
INTC,Intel Corp,Information Technology,36.03363606265474,0.8000000000000002,0.0021141649048625794,0.11802509295545136,0.11515431011773551,0.0,-0.0021141649048625794,0.0
INVH,Invitation Homes Inc,Real Estate,37.74503164417556,0.5600000000000002,0.0021141649048625794,0.08684853376041284,0.08673610699408198,0.0,-0.0021141649048625794,0.0
HAL,Halliburton Co,Energy,42.54373516257876,0.9200000000000002,0.0021141649048625794,0.14885298410811812,0.14477695103389654,0.0,-0.0021141649048625794,0.0
NVR,NVR Inc,Consumer Discretionary,50.0,0.0,0.0021141649048625794,0.10411793911221416,0.10469268577449323,0.0,-0.0021141649048625794,0.0
GPC,Genuine Parts Co,Consumer Discretionary,43.519689194669,0.5600000000000002,0.0021141649048625794,0.09909670503755669,0.09945450120879437,0.0,-0.0021141649048625794,0.0
GE,General Electric Co,Industrials,37.529955480804496,0.8000000000000002,0.0021141649048625794,0.11892197275414683,0.11925296947545919,0.0,-0.0021141649048625794,0.0
GLW,Corning Inc,Information Technology,37.09613373486822,1.0000000000000002,0.0021141649048625794,0.11630576795753944,0.11457418264232717,0.0,-0.0021141649048625794,0.0
GOOG,Alphabet Inc,Communication Services,41.95423036209338,1.0000000000000002,0.0021141649048625794,0.0912200129923943,0.09329674427863617,0.0,-0.0021141649048625794,0.0
HSIC,Henry Schein Inc,Health Care,42.01402859172556,1.0000000000000002,0.0021141649048625794,0.08173218829131339,0.08264172687073136,0.0,-0.0021141649048625794,0.0
HON,Honeywell International Inc,Industrials,55.42523409740343,0.9200000000000002,0.0021141649048625794,0.0976465483148343,0.09845689283084672,0.0,-0.0021141649048625794,0.0
LNT,Alliant Energy Corp,Utilities,33.9598860009651,0.5600000000000002,0.0021141649048625794,0.058241615588013974,0.05611910381636202,0.0,-0.0021141649048625794,0.0
ITW,Illinois Tool Works Inc,Industrials,36.8882774530785,0.7100000000000001,0.0021141649048625794,0.09861472398273463,0.09869135515293015,0.0,-0.0021141649048625794,0.0
LIN,Linde PLC,Materials,38.08869401922719,0.9200000000000002,0.0021141649048625794,0.08399805394069652,0.08523827469108136,0.0,-0.0021141649048625794,0.0
MPC,Marathon Petroleum Corp,Energy,57.372687431967975,0.8000000000000002,0.0021141649048625794,0.12872349562244823,0.1266229603753196,0.0,-0.0021141649048625794,0.0
MRSH,Marsh & McLennan Cos Inc,Financials,55.1193160051156,1.0000000000000002,0.0021141649048625794,0.0732218057739985,0.07583088972961638,0.0,-0.0021141649048625794,0.0
IBM,International Business Machine,Information Technology,42.93213788595708,0.8000000000000002,0.0021141649048625794,0.08286226182986377,0.08588283382188766,0.0,-0.0021141649048625794,0.0
LUV,Southwest Airlines Co,Industrials,39.55550452943442,0.8000000000000002,0.0021141649048625794,0.11910954829204225,0.11924711661583794,0.0,-0.0021141649048625794,0.0
MAR,Marriott International Inc/MD,Consumer Discretionary,48.32875367484273,1.0000000000000002,0.0021141649048625794,0.11833438367727711,0.12151584837977165,0.0,-0.0021141649048625794,0.0
MAA,Mid-America Apartment Communit,Real Estate,65.7640899475626,0.8000000000000002,0.0021141649048625794,0.08270875177463564,0.08256883191345289,0.0,-0.0021141649048625794,0.0
LYB,LyondellBasell Industries NV,Materials,27.04702983868051,0.9200000000000002,0.0021141649048625794,0.12471778686829886,0.12389208136820797,0.0,-0.0021141649048625794,0.0
ADM,Archer-Daniels-Midland Co,Consumer Staples,30.395571704328216,0.9200000000000002,0.0021141649048625794,0.07747205182222858,0.07587810771204864,0.0,-0.0021141649048625794,0.0
LRCX,Lam Research Corp,Information Technology,40.82691742561212,1.0000000000000002,0.0021141649048625794,0.1546099724501977,0.153863526219226,0.0,-0.0021141649048625794,0.0
L,Loews Corp,Financials,50.0,0.0,0.0021141649048625794,0.10413641453047225,0.1060061929898778,0.0,-0.0021141649048625794,0.0
LEN,Lennar Corp,Consumer Discretionary,50.0,0.0,0.0021141649048625794,0.12410966425147134,0.12278381214368357,0.0,-0.0021141649048625794,0.0
KMI,Kinder Morgan Inc,Energy,37.18571734397593,0.5600000000000002,0.0021141649048625794,0.09096292304909509,0.08948866642650544,0.0,-0.0021141649048625794,0.0
KR,Kroger Co/The,Consumer Staples,45.06358058849739,0.9200000000000002,0.0021141649048625794,0.02235010322084861,0.020500251039025013,0.0,-0.0021141649048625794,0.0
MDLZ,Mondelez International Inc,Consumer Staples,45.42409898925452,1.0000000000000002,0.0021141649048625794,0.057214455129285934,0.05764459691138411,0.0,-0.0021141649048625794,0.0
ALLE,Allegion plc,Industrials,58.96715108187631,0.5600000000000002,0.0021141649048625794,0.10247244035364692,0.10321278242697052,0.0,-0.0021141649048625794,0.0
WRB,W R Berkley Corp,Financials,31.995760167367504,0.5600000000000002,0.0021141649048625794,0.08062939188722891,0.08232626152508418,0.0,-0.0021141649048625794,0.0
WY,Weyerhaeuser Co,Real Estate,42.10128495704493,1.0000000000000002,0.0021141649048625794,0.1312954055202497,0.13051992746881413,0.0,-0.0021141649048625794,0.0
WYNN,Wynn Resorts Ltd,Consumer Discretionary,44.36628038199318,0.5600000000000002,0.0021141649048625794,0.1505983912170984,0.15423645157161875,0.0,-0.0021141649048625794,0.0
XOM,ExxonMobil Holdings Corp,Energy,58.44814536421302,0.8000000000000002,0.0021141649048625794,0.08524918356324002,0.08278889256489655,0.0,-0.0021141649048625794,0.0
ALB,Albemarle Corp,Materials,45.55520470064981,0.8000000000000002,0.0021141649048625794,0.14043791864032193,0.13672226912390611,0.0,-0.0021141649048625794,0.0
AIZ,Assurant Inc,Financials,56.215096742937966,0.8000000000000002,0.0021141649048625794,0.08455516957364236,0.08651445230420135,0.0,-0.0021141649048625794,0.0
IP,International Paper Co,Materials,40.34923632185639,0.9200000000000002,0.0021141649048625794,0.10997934715984643,0.10961906206201345,0.0,-0.0021141649048625794,0.0
IRM,Iron Mountain Inc,Real Estate,51.07880046829616,1.0000000000000002,0.0021141649048625794,0.0920848353709477,0.09035230797235332,0.0,-0.0021141649048625794,0.0
MSFT,Microsoft Corp,Information Technology,36.00458419887788,1.0000000000000002,0.0021141649048625794,0.09188199104073329,0.095920005910179,0.0,-0.0021141649048625794,0.0
KMB,Kimberly-Clark Corp,Consumer Staples,43.23966384525906,0.9200000000000002,0.0021141649048625794,0.039882550808976125,0.03953988054808333,0.0,-0.0021141649048625794,0.0
MCHP,Microchip Technology Inc,Information Technology,42.88893106833914,0.8000000000000002,0.0021141649048625794,0.15688511667733376,0.15692683020376794,0.0,-0.0021141649048625794,0.0
MAS,Masco Corp,Industrials,53.16926922261984,0.5600000000000002,0.0021141649048625794,0.10727262328397218,0.10741250883221926,0.0,-0.0021141649048625794,0.0
MNST,Monster Beverage Corp,Consumer Staples,39.482063487464885,0.9200000000000002,0.0021141649048625794,0.07179882761222411,0.07271642010354264,0.0,-0.0021141649048625794,0.0
JBL,Jabil Inc,Information Technology,45.42101423248952,0.9200000000000002,0.0021141649048625794,0.13183621189607503,0.13184659326219422,0.0,-0.0021141649048625794,0.0
OXY,Occidental Petroleum Corp,Energy,38.25417457819509,0.8000000000000002,0.0021141649048625794,0.13456252120829837,0.12860281890862166,0.0,-0.0021141649048625794,0.0
GD,General Dynamics Corp,Industrials,36.82478004268897,0.8000000000000002,0.0021141649048625794,0.08046701765656622,0.0801412572417058,0.0,-0.0021141649048625794,0.0
EVRG,Evergy Inc,Utilities,43.94899746232214,0.8000000000000002,0.0021141649048625794,0.06628777796184157,0.06466380432517536,0.0,-0.0021141649048625794,0.0
PG,Procter & Gamble Co/The,Consumer Staples,54.77383548964231,1.0000000000000002,0.0021141649048625794,0.046710210617218924,0.046806433356349715,0.0,-0.0021141649048625794,0.0
DVN,Devon Energy Corp,Energy,46.19223639532776,0.8000000000000002,0.0021141649048625794,0.1444604119317097,0.13994154484338236,0.0,-0.0021141649048625794,0.0
EXPD,Expeditors International of Wa,Industrials,45.451576411993145,0.8000000000000002,0.0021141649048625794,0.07927742356265086,0.0796554502685908,0.0,-0.0021141649048625794,0.0
CTAS,Cintas Corp,Industrials,39.87465651715692,0.8000000000000002,0.0021141649048625794,0.10394757733185035,0.10596646938723861,0.0,-0.0021141649048625794,0.0
CSX,CSX Corp,Industrials,44.97748535852557,0.9200000000000002,0.0021141649048625794,0.10047753861326557,0.1012161411111228,0.0,-0.0021141649048625794,0.0
CSGP,CoStar Group Inc,Real Estate,36.40025142986862,1.0000000000000002,0.0021141649048625794,0.09679392351674898,0.1002113982972945,0.0,-0.0021141649048625794,0.0
SW,Smurfit Westrock PLC,Materials,43.50864464645634,0.3,0.0021141649048625794,0.06162872639348949,0.05995962164754461,0.0,-0.0021141649048625794,0.0
STLD,Steel Dynamics Inc,Materials,43.80407072697128,0.8000000000000002,0.0021141649048625794,0.13033260722675777,0.1294071553584196,0.0,-0.0021141649048625794,0.0
STX,Seagate Technology Holdings PL,Information Technology,50.07777185959245,1.0000000000000002,0.0021141649048625794,0.10644431766171644,0.1045816956048732,0.0,-0.0021141649048625794,0.0
SRE,Sempra,Utilities,35.60959711169793,0.8000000000000002,0.0021141649048625794,0.07669221859085174,0.07510405909067473,0.0,-0.0021141649048625794,0.0
SO,Southern Co/The,Utilities,35.89548022303077,0.8000000000000002,0.0021141649048625794,0.059659069246632564,0.057722881203810104,0.0,-0.0021141649048625794,0.0
DTE,DTE Energy Co,Utilities,45.09688181257935,0.8000000000000002,0.0021141649048625794,0.07331640357106405,0.07194985433290833,0.0,-0.0021141649048625794,0.0
SNPS,Synopsys Inc,Information Technology,44.24051929259688,1.0000000000000002,0.0021141649048625794,0.10724853501407701,0.11053993076538365,0.0,-0.0021141649048625794,0.0
DUK,Duke Energy Corp,Utilities,37.469525068523495,0.8000000000000002,0.0021141649048625794,0.05499495592833288,0.0533727642039857,0.0,-0.0021141649048625794,0.0
REGN,Regeneron Pharmaceuticals Inc,Health Care,37.43390085974836,0.8000000000000002,0.0021141649048625794,0.056272624088376404,0.056552865070963854,0.0,-0.0021141649048625794,0.0
DGX,Quest Diagnostics Inc,Health Care,46.23148243361666,0.8000000000000002,0.0021141649048625794,0.059426273730180876,0.060503898575911826,0.0,-0.0021141649048625794,0.0
SHW,Sherwin-Williams Co/The,Materials,44.29243513760976,0.8000000000000002,0.0021141649048625794,0.0921264325446343,0.09337058831509742,0.0,-0.0021141649048625794,0.0
DHI,DR Horton Inc,Consumer Discretionary,40.40369598096943,0.5600000000000002,0.0021141649048625794,0.11566335424454004,0.1143439048325287,0.0,-0.0021141649048625794,0.0
DLR,Digital Realty Trust Inc,Real Estate,43.7703808724998,1.0000000000000002,0.0021141649048625794,0.07553342444397657,0.07434161480402063,0.0,-0.0021141649048625794,0.0
RVTY,Revvity Inc,Health Care,43.14001914803013,0.6800000000000002,0.0021141649048625794,0.09448873549710674,0.09525230095660686,0.0,-0.0021141649048625794,0.0
ROST,Ross Stores Inc,Consumer Discretionary,38.99990805459388,0.8000000000000002,0.0021141649048625794,0.10746704978152868,0.11094489988279187,0.0,-0.0021141649048625794,0.0
SBAC,SBA Communications Corp,Real Estate,51.680968837102,1.0000000000000002,0.0021141649048625794,0.06933316288671497,0.06863950998114753,0.0,-0.0021141649048625794,0.0
FAST,Fastenal Co,Industrials,53.79440223937153,0.5600000000000002,0.0021141649048625794,0.0880947818404556,0.08837577908121222,0.0,-0.0021141649048625794,0.0
EME,EMCOR Group Inc,Industrials,49.2222038008964,0.9200000000000002,0.0021141649048625794,0.10825961171965774,0.10813645205290198,0.0,-0.0021141649048625794,0.0
EOG,EOG Resources Inc,Energy,40.76673764719479,0.8000000000000002,0.0021141649048625794,0.10738418496918718,0.10279424406154827,0.0,-0.0021141649048625794,0.0
EQIX,Equinix Inc,Real Estate,49.206830311137615,1.0000000000000002,0.0021141649048625794,0.07618500816421778,0.07576644187264867,0.0,-0.0021141649048625794,0.0
PNR,Pentair PLC,Industrials,48.466007386707,0.8000000000000002,0.0021141649048625794,0.11805063211165752,0.11928429366554404,0.0,-0.0021141649048625794,0.0
PNW,Pinnacle West Capital Corp,Utilities,58.17506062958783,0.8000000000000002,0.0021141649048625794,0.06679162723999989,0.06533528589555766,0.0,-0.0021141649048625794,0.0
PODD,Insulet Corp,Health Care,38.84803250828176,0.5600000000000002,0.0021141649048625794,0.08874921146159655,0.09031516004925257,0.0,-0.0021141649048625794,0.0
PPG,PPG Industries Inc,Materials,53.3694683894435,1.0000000000000002,0.0021141649048625794,0.10633213084388256,0.10796378525183964,0.0,-0.0021141649048625794,0.0
PPL,PPL Corp,Utilities,50.76941269582144,0.5900000000000002,0.0021141649048625794,0.07254321323436755,0.07154701902076137,0.0,-0.0021141649048625794,0.0
PSA,Public Storage,Real Estate,38.7243150085537,0.6500000000000001,0.0021141649048625794,0.06350601571206388,0.061944207009325056,0.0,-0.0021141649048625794,0.0
PSX,Phillips 66,Energy,53.34164309458427,0.24,0.0021141649048625794,0.11273198329770551,0.11112505585669649,0.0,-0.0021141649048625794,0.0
PWR,Quanta Services Inc,Industrials,35.15050890233404,0.8000000000000002,0.0021141649048625794,0.11172000922996944,0.10949747396443887,0.0,-0.0021141649048625794,0.0
RCL,Royal Caribbean Cruises Ltd,Consumer Discretionary,40.96911435825854,0.6500000000000001,0.0021141649048625794,0.1822721203899147,0.184362191115294,0.0,-0.0021141649048625794,0.0
FDS,FactSet Research Systems Inc,Financials,41.64482860100949,1.0000000000000002,0.0021141649048625794,0.08505706252901414,0.08913225621202266,0.0,-0.0021141649048625794,0.0
FLEX,Flex Ltd,Information Technology,53.52692157497843,1.0000000000000002,0.0021141649048625794,0.1442984727236558,0.14491439209563706,0.0,-0.0021141649048625794,0.0
EQT,EQT Corp,Energy,25.418008437833286,0.8000000000000002,0.0021141649048625794,0.08925437334243107,0.08441775856887028,0.0,-0.0021141649048625794,0.0
ETR,Entergy Corp,Utilities,16.934179508698463,0.8000000000000002,0.0021141649048625794,0.07120019098292035,0.06937249060848069,0.0,-0.0021141649048625794,0.0
CCL,Carnival Corp Ltd,Consumer Discretionary,40.47224536461477,0.6500000000000001,0.0021141649048625794,0.20077128524734267,0.20447295287415088,0.0,-0.0021141649048625794,0.0
TSCO,Tractor Supply Co,Consumer Discretionary,19.231643288761685,0.9200000000000002,0.0021141649048625794,0.07359241176441658,0.07451336964574125,0.0,-0.0021141649048625794,0.0
TXN,Texas Instruments Inc,Information Technology,37.62504644617037,1.0000000000000002,0.0021141649048625794,0.11044353250979373,0.1099440313909734,0.0,-0.0021141649048625794,0.0
BIIB,Biogen Inc,Health Care,43.75426567290591,0.9200000000000002,0.0021141649048625794,0.07213405882993858,0.07153333962322805,0.0,-0.0021141649048625794,0.0
CMS,CMS Energy Corp,Utilities,25.4448209649826,0.8000000000000002,0.0021141649048625794,0.05182577501829186,0.04975533919707394,0.0,-0.0021141649048625794,0.0
CVX,Chevron Corp,Energy,51.85720957462864,0.45,0.0021141649048625794,0.09772443020658662,0.09632512339783474,0.0,-0.0021141649048625794,0.0
D,Dominion Energy Inc,Utilities,34.498424279720595,0.8000000000000002,0.0021141649048625794,0.06100545040125046,0.05872111906410951,0.0,-0.0021141649048625794,0.0
COST,Costco Wholesale Corp,Consumer Staples,53.04933960616079,0.8000000000000002,0.0021141649048625794,0.05806994756855805,0.059273704054392355,0.0,-0.0021141649048625794,0.0
TDG,TransDigm Group Inc,Industrials,41.67642082373538,0.5600000000000002,0.0021141649048625794,0.12381771808199384,0.12629383306547762,0.0,-0.0021141649048625794,0.0
TDY,Teledyne Technologies Inc,Information Technology,48.54858518964479,0.21,0.0021141649048625794,0.10260563559842402,0.10282127073844709,0.0,-0.0021141649048625794,0.0
TEL,TE Connectivity PLC,Information Technology,49.92596888041088,0.8000000000000002,0.0021141649048625794,0.11782674300895028,0.11914341537387522,0.0,-0.0021141649048625794,0.0
CAT,Caterpillar Inc,Industrials,50.22326927997993,0.8000000000000002,0.0021141649048625794,0.10877615722950135,0.1070161930994459,0.0,-0.0021141649048625794,0.0
BLK,Blackrock Inc,Financials,32.38549772624273,0.8000000000000002,0.0021141649048625794,0.11684483942002862,0.11954359383081811,0.0,-0.0021141649048625794,0.0
VLO,Valero Energy Corp,Energy,41.482494344700086,0.5600000000000002,0.0021141649048625794,0.12048916799235941,0.11836158107681492,0.0,-0.0021141649048625794,0.0
UDR,UDR Inc,Real Estate,37.68455845206788,0.9200000000000002,0.0021141649048625794,0.08987312717233574,0.08985873006817845,0.0,-0.0021141649048625794,0.0
BF-B,Brown-Forman Corp,Consumer Staples,23.4147699255795,0.8000000000000002,0.0021141649048625794,0.07357793999742307,0.07300521700916456,0.0,-0.0021141649048625794,0.0
CASY,Casey's General Stores Inc,Consumer Staples,44.740397350993376,0.21,0.0021141649048625794,0.06845266217705315,0.06774654456828387,0.0,-0.0021141649048625794,0.0
BX,Blackstone Inc,Financials,41.78554127768452,0.8000000000000002,0.0021141649048625794,0.1424864113245359,0.14466908248782331,0.0,-0.0021141649048625794,0.0
AWK,American Water Works Co Inc,Utilities,48.62451185855737,0.8000000000000002,0.0021141649048625794,0.05872456583433582,0.05726991401418905,0.0,-0.0021141649048625794,0.0
BDX,Becton Dickinson & Co,Health Care,38.94195998383458,1.0000000000000002,0.0021141649048625794,0.05754518711340774,0.05836946250274298,0.0,-0.0021141649048625794,0.0
BSX,Boston Scientific Corp,Health Care,49.207039156120985,1.0000000000000002,0.0021141649048625794,0.08677009796869554,0.08883701697099577,0.0,-0.0021141649048625794,0.0
URI,United Rentals Inc,Industrials,45.18702137725252,0.8000000000000002,0.0021141649048625794,0.15867708565108118,0.1585436372966493,0.0,-0.0021141649048625794,0.0
APTV,Aptiv PLC,Consumer Discretionary,20.464279293547584,0.8000000000000002,0.0021141649048625794,0.14784914052080403,0.1505790426050388,0.0,-0.0021141649048625794,0.0
VRTX,Vertex Pharmaceuticals Inc,Health Care,47.53001007041164,0.8000000000000002,0.0021141649048625794,0.0656736324218735,0.06729482992467328,0.0,-0.0021141649048625794,0.0
VTR,Ventas Inc,Real Estate,47.03126531530098,1.0000000000000002,0.0021141649048625794,0.1089274249495308,0.11005185835737864,0.0,-0.0021141649048625794,0.0
WAB,Westinghouse Air Brake Technol,Industrials,35.23975787299344,0.8000000000000002,0.0021141649048625794,0.11598808004690749,0.11597149208837769,0.0,-0.0021141649048625794,0.0
WDC,Western Digital Corp,Information Technology,37.5529407203217,1.0000000000000002,0.0021141649048625794,0.14736343010530395,0.1450189128506438,0.0,-0.0021141649048625794,0.0
WEC,WEC Energy Group Inc,Utilities,42.25226719441169,0.8000000000000002,0.0021141649048625794,0.049099265256911606,0.046504790614103654,0.0,-0.0021141649048625794,0.0
